[0.000000] (-) TimerEvent: {}
[0.000305] (snake_segmentation) JobQueued: {'identifier': 'snake_segmentation', 'dependencies': OrderedDict()}
[0.000354] (yolo_msgs) JobQueued: {'identifier': 'yolo_msgs', 'dependencies': OrderedDict()}
[0.000465] (yolo_ros) JobQueued: {'identifier': 'yolo_ros', 'dependencies': OrderedDict([('yolo_msgs', '/home/aleksantari/ros2_snake_ws/install/yolo_msgs')])}
[0.000478] (yolo_bringup) JobQueued: {'identifier': 'yolo_bringup', 'dependencies': OrderedDict([('yolo_msgs', '/home/aleksantari/ros2_snake_ws/install/yolo_msgs'), ('yolo_ros', '/home/aleksantari/ros2_snake_ws/install/yolo_ros')])}
[0.000489] (yolo_msgs) JobStarted: {'identifier': 'yolo_msgs'}
[0.033769] (snake_segmentation) JobStarted: {'identifier': 'snake_segmentation'}
[0.061416] (yolo_msgs) JobProgress: {'identifier': 'yolo_msgs', 'progress': 'cmake'}
[0.066734] (yolo_msgs) JobProgress: {'identifier': 'yolo_msgs', 'progress': 'build'}
[0.066775] (yolo_msgs) Command: {'cmd': ['/usr/bin/cmake', '--build', '/home/aleksantari/ros2_snake_ws/build/yolo_msgs', '--', '-j2', '-l2'], 'cwd': '/home/aleksantari/ros2_snake_ws/build/yolo_msgs', 'env': OrderedDict([('LESSOPEN', '| /usr/bin/lesspipe %s'), ('USER', 'aleksantari'), ('XDG_SESSION_TYPE', 'wayland'), ('GIT_ASKPASS', '/usr/share/code/resources/app/extensions/git/dist/askpass.sh'), ('SHLVL', '2'), ('LD_LIBRARY_PATH', '/home/aleksantari/ros2_snake_ws/install/yolo_msgs/lib:/opt/ros/humble/opt/rviz_ogre_vendor/lib:/opt/ros/humble/lib/aarch64-linux-gnu:/opt/ros/humble/lib'), ('HOME', '/home/aleksantari'), ('CHROME_DESKTOP', 'code.desktop'), ('OLDPWD', '/home/aleksantari/ros2_snake_ws/src'), ('TERM_PROGRAM_VERSION', '1.99.2'), ('DESKTOP_SESSION', 'ubuntu'), ('ROS_PYTHON_VERSION', '3'), ('GNOME_SHELL_SESSION_MODE', 'ubuntu'), ('GTK_MODULES', 'gail:atk-bridge'), ('VSCODE_GIT_ASKPASS_MAIN', '/usr/share/code/resources/app/extensions/git/dist/askpass-main.js'), ('VSCODE_GIT_ASKPASS_NODE', '/usr/share/code/code'), ('PYDEVD_DISABLE_FILE_VALIDATION', '1'), ('SYSTEMD_EXEC_PID', '1656'), ('BUNDLED_DEBUGPY_PATH', '/home/aleksantari/.vscode/extensions/ms-python.debugpy-2025.6.0-linux-arm64/bundled/libs/debugpy'), ('DBUS_SESSION_BUS_ADDRESS', 'unix:path=/run/user/1000/bus'), ('COLORTERM', 'truecolor'), ('IM_CONFIG_PHASE', '1'), ('WAYLAND_DISPLAY', 'wayland-0'), ('COLCON_PREFIX_PATH', '/home/aleksantari/ros2_snake_ws/install'), ('ROS_DISTRO', 'humble'), ('LOGNAME', 'aleksantari'), ('_', '/usr/bin/colcon'), ('ROS_VERSION', '2'), ('XDG_SESSION_CLASS', 'user'), ('USERNAME', 'aleksantari'), ('TERM', 'xterm-256color'), ('GNOME_DESKTOP_SESSION_ID', 'this-is-deprecated'), ('ROS_LOCALHOST_ONLY', '0'), ('PATH', '/home/aleksantari/.local/bin:/opt/ros/humble/bin:/home/aleksantari/.local/bin:/home/aleksantari/.local/bin:/usr/local/sbin:/usr/local/bin:/usr/sbin:/usr/bin:/sbin:/bin:/usr/games:/usr/local/games:/snap/bin:/snap/bin:/home/aleksantari/.vscode/extensions/ms-python.debugpy-2025.6.0-linux-arm64/bundled/scripts/noConfigScripts'), ('SESSION_MANAGER', 'local/linux:@/tmp/.ICE-unix/1633,unix/linux:/tmp/.ICE-unix/1633'), ('XDG_MENU_PREFIX', 'gnome-'), ('GNOME_TERMINAL_SCREEN', '/org/gnome/Terminal/screen/b99b93a8_8355_4927_a43b_f72817671520'), ('GNOME_SETUP_DISPLAY', ':1'), ('XDG_RUNTIME_DIR', '/run/user/1000'), ('GDK_BACKEND', 'x11'), ('DISPLAY', ':0'), ('VSCODE_DEBUGPY_ADAPTER_ENDPOINTS', '/home/aleksantari/.vscode/extensions/ms-python.debugpy-2025.6.0-linux-arm64/.noConfigDebugAdapterEndpoints/endpoint-6b7ff3644262e962.txt'), ('LANG', 'en_US.UTF-8'), ('XDG_CURRENT_DESKTOP', 'Unity'), ('XMODIFIERS', '@im=ibus'), ('XDG_SESSION_DESKTOP', 'ubuntu'), ('XAUTHORITY', '/run/user/1000/.mutter-Xwaylandauth.BNH542'), ('LS_COLORS', 'rs=0:di=01;34:ln=01;36:mh=00:pi=40;33:so=01;35:do=01;35:bd=40;33;01:cd=40;33;01:or=40;31;01:mi=00:su=37;41:sg=30;43:ca=30;41:tw=30;42:ow=34;42:st=37;44:ex=01;32:*.tar=01;31:*.tgz=01;31:*.arc=01;31:*.arj=01;31:*.taz=01;31:*.lha=01;31:*.lz4=01;31:*.lzh=01;31:*.lzma=01;31:*.tlz=01;31:*.txz=01;31:*.tzo=01;31:*.t7z=01;31:*.zip=01;31:*.z=01;31:*.dz=01;31:*.gz=01;31:*.lrz=01;31:*.lz=01;31:*.lzo=01;31:*.xz=01;31:*.zst=01;31:*.tzst=01;31:*.bz2=01;31:*.bz=01;31:*.tbz=01;31:*.tbz2=01;31:*.tz=01;31:*.deb=01;31:*.rpm=01;31:*.jar=01;31:*.war=01;31:*.ear=01;31:*.sar=01;31:*.rar=01;31:*.alz=01;31:*.ace=01;31:*.zoo=01;31:*.cpio=01;31:*.7z=01;31:*.rz=01;31:*.cab=01;31:*.wim=01;31:*.swm=01;31:*.dwm=01;31:*.esd=01;31:*.jpg=01;35:*.jpeg=01;35:*.mjpg=01;35:*.mjpeg=01;35:*.gif=01;35:*.bmp=01;35:*.pbm=01;35:*.pgm=01;35:*.ppm=01;35:*.tga=01;35:*.xbm=01;35:*.xpm=01;35:*.tif=01;35:*.tiff=01;35:*.png=01;35:*.svg=01;35:*.svgz=01;35:*.mng=01;35:*.pcx=01;35:*.mov=01;35:*.mpg=01;35:*.mpeg=01;35:*.m2v=01;35:*.mkv=01;35:*.webm=01;35:*.webp=01;35:*.ogm=01;35:*.mp4=01;35:*.m4v=01;35:*.mp4v=01;35:*.vob=01;35:*.qt=01;35:*.nuv=01;35:*.wmv=01;35:*.asf=01;35:*.rm=01;35:*.rmvb=01;35:*.flc=01;35:*.avi=01;35:*.fli=01;35:*.flv=01;35:*.gl=01;35:*.dl=01;35:*.xcf=01;35:*.xwd=01;35:*.yuv=01;35:*.cgm=01;35:*.emf=01;35:*.ogv=01;35:*.ogx=01;35:*.aac=00;36:*.au=00;36:*.flac=00;36:*.m4a=00;36:*.mid=00;36:*.midi=00;36:*.mka=00;36:*.mp3=00;36:*.mpc=00;36:*.ogg=00;36:*.ra=00;36:*.wav=00;36:*.oga=00;36:*.opus=00;36:*.spx=00;36:*.xspf=00;36:'), ('VSCODE_GIT_IPC_HANDLE', '/run/user/1000/vscode-git-ad06424500.sock'), ('GNOME_TERMINAL_SERVICE', ':1.113'), ('TERM_PROGRAM', 'vscode'), ('SSH_AGENT_LAUNCHER', 'gnome-keyring'), ('SSH_AUTH_SOCK', '/run/user/1000/keyring/ssh'), ('AMENT_PREFIX_PATH', '/home/aleksantari/ros2_snake_ws/install/yolo_bringup:/home/aleksantari/ros2_snake_ws/install/yolo_ros:/home/aleksantari/ros2_snake_ws/install/yolo_msgs:/home/aleksantari/ros2_snake_ws/install/snake_segmentation:/opt/ros/humble'), ('ORIGINAL_XDG_CURRENT_DESKTOP', 'ubuntu:GNOME'), ('SHELL', '/bin/bash'), ('QT_ACCESSIBILITY', '1'), ('GDMSESSION', 'ubuntu'), ('LESSCLOSE', '/usr/bin/lesspipe %s %s'), ('VSCODE_GIT_ASKPASS_EXTRA_ARGS', ''), ('QT_IM_MODULE', 'ibus'), ('PWD', '/home/aleksantari/ros2_snake_ws/build/yolo_msgs'), ('XDG_CONFIG_DIRS', '/etc/xdg/xdg-ubuntu:/etc/xdg'), ('XDG_DATA_DIRS', '/usr/share/ubuntu:/usr/local/share/:/usr/share/:/var/lib/snapd/desktop'), ('PYTHONPATH', '/home/aleksantari/ros2_snake_ws/build/yolo_ros:/home/aleksantari/ros2_snake_ws/install/yolo_ros/lib/python3.10/site-packages:/home/aleksantari/ros2_snake_ws/install/yolo_msgs/local/lib/python3.10/dist-packages:/home/aleksantari/ros2_snake_ws/build/snake_segmentation:/home/aleksantari/ros2_snake_ws/install/snake_segmentation/lib/python3.10/site-packages:/opt/ros/humble/lib/python3.10/site-packages:/opt/ros/humble/local/lib/python3.10/dist-packages'), ('COLCON', '1'), ('VTE_VERSION', '6800'), ('CMAKE_PREFIX_PATH', '/home/aleksantari/ros2_snake_ws/install/yolo_bringup:/home/aleksantari/ros2_snake_ws/install/yolo_msgs:/home/aleksantari/ros2_snake_ws/install/yolo_ros:/home/aleksantari/ros2_snake_ws/install/snake_segmentation:/opt/ros/humble')]), 'shell': False}
[0.099463] (-) TimerEvent: {}
[0.199912] (-) TimerEvent: {}
[0.300327] (-) TimerEvent: {}
[0.381346] (yolo_msgs) StdoutLine: {'line': b'[  0%] Built target yolo_msgs__cpp\n'}
[0.394803] (yolo_msgs) StdoutLine: {'line': b'[ 12%] Built target yolo_msgs__rosidl_generator_c\n'}
[0.400404] (-) TimerEvent: {}
[0.406598] (yolo_msgs) StdoutLine: {'line': b'[ 12%] Built target ament_cmake_python_symlink_yolo_msgs\n'}
[0.438074] (yolo_msgs) StdoutLine: {'line': b'[ 24%] Built target yolo_msgs__rosidl_typesupport_cpp\n'}
[0.447065] (yolo_msgs) StdoutLine: {'line': b'[ 36%] Built target yolo_msgs__rosidl_typesupport_fastrtps_c\n'}
[0.490606] (yolo_msgs) StdoutLine: {'line': b'[ 48%] Built target yolo_msgs__rosidl_typesupport_introspection_c\n'}
[0.490713] (yolo_msgs) StdoutLine: {'line': b'[ 60%] Built target yolo_msgs__rosidl_typesupport_c\n'}
[0.500496] (-) TimerEvent: {}
[0.517184] (yolo_msgs) StdoutLine: {'line': b'[ 72%] Built target yolo_msgs__rosidl_typesupport_introspection_cpp\n'}
[0.599127] (yolo_msgs) StdoutLine: {'line': b'[ 84%] Built target yolo_msgs__rosidl_typesupport_fastrtps_cpp\n'}
[0.600563] (-) TimerEvent: {}
[0.685528] (yolo_msgs) StdoutLine: {'line': b'[ 84%] Built target yolo_msgs\n'}
[0.700667] (-) TimerEvent: {}
[0.701386] (yolo_msgs) StdoutLine: {'line': b'running egg_info\n'}
[0.701799] (yolo_msgs) StdoutLine: {'line': b'writing yolo_msgs.egg-info/PKG-INFO\n'}
[0.701938] (yolo_msgs) StdoutLine: {'line': b'writing dependency_links to yolo_msgs.egg-info/dependency_links.txt\n'}
[0.702034] (yolo_msgs) StdoutLine: {'line': b'writing top-level names to yolo_msgs.egg-info/top_level.txt\n'}
[0.705867] (yolo_msgs) StdoutLine: {'line': b"reading manifest file 'yolo_msgs.egg-info/SOURCES.txt'\n"}
[0.710048] (yolo_msgs) StdoutLine: {'line': b"writing manifest file 'yolo_msgs.egg-info/SOURCES.txt'\n"}
[0.735048] (yolo_msgs) StdoutLine: {'line': b'[ 84%] Built target ament_cmake_python_build_yolo_msgs_egg\n'}
[0.737380] (yolo_msgs) StdoutLine: {'line': b'[ 85%] Built target yolo_msgs__py\n'}
[0.765913] (yolo_msgs) StdoutLine: {'line': b'[ 96%] Built target yolo_msgs__rosidl_generator_py\n'}
[0.780580] (yolo_msgs) StdoutLine: {'line': b'[ 98%] Built target yolo_msgs__rosidl_typesupport_introspection_c__pyext\n'}
[0.794380] (yolo_msgs) StdoutLine: {'line': b'[ 99%] Built target yolo_msgs__rosidl_typesupport_c__pyext\n'}
[0.800529] (yolo_msgs) StdoutLine: {'line': b'[100%] Built target yolo_msgs__rosidl_typesupport_fastrtps_c__pyext\n'}
[0.800750] (-) TimerEvent: {}
[0.811406] (yolo_msgs) CommandEnded: {'returncode': 0}
[0.835797] (yolo_msgs) JobProgress: {'identifier': 'yolo_msgs', 'progress': 'install'}
[0.853469] (yolo_msgs) Command: {'cmd': ['/usr/bin/cmake', '--install', '/home/aleksantari/ros2_snake_ws/build/yolo_msgs'], 'cwd': '/home/aleksantari/ros2_snake_ws/build/yolo_msgs', 'env': OrderedDict([('LESSOPEN', '| /usr/bin/lesspipe %s'), ('USER', 'aleksantari'), ('XDG_SESSION_TYPE', 'wayland'), ('GIT_ASKPASS', '/usr/share/code/resources/app/extensions/git/dist/askpass.sh'), ('SHLVL', '2'), ('LD_LIBRARY_PATH', '/home/aleksantari/ros2_snake_ws/install/yolo_msgs/lib:/opt/ros/humble/opt/rviz_ogre_vendor/lib:/opt/ros/humble/lib/aarch64-linux-gnu:/opt/ros/humble/lib'), ('HOME', '/home/aleksantari'), ('CHROME_DESKTOP', 'code.desktop'), ('OLDPWD', '/home/aleksantari/ros2_snake_ws/src'), ('TERM_PROGRAM_VERSION', '1.99.2'), ('DESKTOP_SESSION', 'ubuntu'), ('ROS_PYTHON_VERSION', '3'), ('GNOME_SHELL_SESSION_MODE', 'ubuntu'), ('GTK_MODULES', 'gail:atk-bridge'), ('VSCODE_GIT_ASKPASS_MAIN', '/usr/share/code/resources/app/extensions/git/dist/askpass-main.js'), ('VSCODE_GIT_ASKPASS_NODE', '/usr/share/code/code'), ('PYDEVD_DISABLE_FILE_VALIDATION', '1'), ('SYSTEMD_EXEC_PID', '1656'), ('BUNDLED_DEBUGPY_PATH', '/home/aleksantari/.vscode/extensions/ms-python.debugpy-2025.6.0-linux-arm64/bundled/libs/debugpy'), ('DBUS_SESSION_BUS_ADDRESS', 'unix:path=/run/user/1000/bus'), ('COLORTERM', 'truecolor'), ('IM_CONFIG_PHASE', '1'), ('WAYLAND_DISPLAY', 'wayland-0'), ('COLCON_PREFIX_PATH', '/home/aleksantari/ros2_snake_ws/install'), ('ROS_DISTRO', 'humble'), ('LOGNAME', 'aleksantari'), ('_', '/usr/bin/colcon'), ('ROS_VERSION', '2'), ('XDG_SESSION_CLASS', 'user'), ('USERNAME', 'aleksantari'), ('TERM', 'xterm-256color'), ('GNOME_DESKTOP_SESSION_ID', 'this-is-deprecated'), ('ROS_LOCALHOST_ONLY', '0'), ('PATH', '/home/aleksantari/.local/bin:/opt/ros/humble/bin:/home/aleksantari/.local/bin:/home/aleksantari/.local/bin:/usr/local/sbin:/usr/local/bin:/usr/sbin:/usr/bin:/sbin:/bin:/usr/games:/usr/local/games:/snap/bin:/snap/bin:/home/aleksantari/.vscode/extensions/ms-python.debugpy-2025.6.0-linux-arm64/bundled/scripts/noConfigScripts'), ('SESSION_MANAGER', 'local/linux:@/tmp/.ICE-unix/1633,unix/linux:/tmp/.ICE-unix/1633'), ('XDG_MENU_PREFIX', 'gnome-'), ('GNOME_TERMINAL_SCREEN', '/org/gnome/Terminal/screen/b99b93a8_8355_4927_a43b_f72817671520'), ('GNOME_SETUP_DISPLAY', ':1'), ('XDG_RUNTIME_DIR', '/run/user/1000'), ('GDK_BACKEND', 'x11'), ('DISPLAY', ':0'), ('VSCODE_DEBUGPY_ADAPTER_ENDPOINTS', '/home/aleksantari/.vscode/extensions/ms-python.debugpy-2025.6.0-linux-arm64/.noConfigDebugAdapterEndpoints/endpoint-6b7ff3644262e962.txt'), ('LANG', 'en_US.UTF-8'), ('XDG_CURRENT_DESKTOP', 'Unity'), ('XMODIFIERS', '@im=ibus'), ('XDG_SESSION_DESKTOP', 'ubuntu'), ('XAUTHORITY', '/run/user/1000/.mutter-Xwaylandauth.BNH542'), ('LS_COLORS', 'rs=0:di=01;34:ln=01;36:mh=00:pi=40;33:so=01;35:do=01;35:bd=40;33;01:cd=40;33;01:or=40;31;01:mi=00:su=37;41:sg=30;43:ca=30;41:tw=30;42:ow=34;42:st=37;44:ex=01;32:*.tar=01;31:*.tgz=01;31:*.arc=01;31:*.arj=01;31:*.taz=01;31:*.lha=01;31:*.lz4=01;31:*.lzh=01;31:*.lzma=01;31:*.tlz=01;31:*.txz=01;31:*.tzo=01;31:*.t7z=01;31:*.zip=01;31:*.z=01;31:*.dz=01;31:*.gz=01;31:*.lrz=01;31:*.lz=01;31:*.lzo=01;31:*.xz=01;31:*.zst=01;31:*.tzst=01;31:*.bz2=01;31:*.bz=01;31:*.tbz=01;31:*.tbz2=01;31:*.tz=01;31:*.deb=01;31:*.rpm=01;31:*.jar=01;31:*.war=01;31:*.ear=01;31:*.sar=01;31:*.rar=01;31:*.alz=01;31:*.ace=01;31:*.zoo=01;31:*.cpio=01;31:*.7z=01;31:*.rz=01;31:*.cab=01;31:*.wim=01;31:*.swm=01;31:*.dwm=01;31:*.esd=01;31:*.jpg=01;35:*.jpeg=01;35:*.mjpg=01;35:*.mjpeg=01;35:*.gif=01;35:*.bmp=01;35:*.pbm=01;35:*.pgm=01;35:*.ppm=01;35:*.tga=01;35:*.xbm=01;35:*.xpm=01;35:*.tif=01;35:*.tiff=01;35:*.png=01;35:*.svg=01;35:*.svgz=01;35:*.mng=01;35:*.pcx=01;35:*.mov=01;35:*.mpg=01;35:*.mpeg=01;35:*.m2v=01;35:*.mkv=01;35:*.webm=01;35:*.webp=01;35:*.ogm=01;35:*.mp4=01;35:*.m4v=01;35:*.mp4v=01;35:*.vob=01;35:*.qt=01;35:*.nuv=01;35:*.wmv=01;35:*.asf=01;35:*.rm=01;35:*.rmvb=01;35:*.flc=01;35:*.avi=01;35:*.fli=01;35:*.flv=01;35:*.gl=01;35:*.dl=01;35:*.xcf=01;35:*.xwd=01;35:*.yuv=01;35:*.cgm=01;35:*.emf=01;35:*.ogv=01;35:*.ogx=01;35:*.aac=00;36:*.au=00;36:*.flac=00;36:*.m4a=00;36:*.mid=00;36:*.midi=00;36:*.mka=00;36:*.mp3=00;36:*.mpc=00;36:*.ogg=00;36:*.ra=00;36:*.wav=00;36:*.oga=00;36:*.opus=00;36:*.spx=00;36:*.xspf=00;36:'), ('VSCODE_GIT_IPC_HANDLE', '/run/user/1000/vscode-git-ad06424500.sock'), ('GNOME_TERMINAL_SERVICE', ':1.113'), ('TERM_PROGRAM', 'vscode'), ('SSH_AGENT_LAUNCHER', 'gnome-keyring'), ('SSH_AUTH_SOCK', '/run/user/1000/keyring/ssh'), ('AMENT_PREFIX_PATH', '/home/aleksantari/ros2_snake_ws/install/yolo_bringup:/home/aleksantari/ros2_snake_ws/install/yolo_ros:/home/aleksantari/ros2_snake_ws/install/yolo_msgs:/home/aleksantari/ros2_snake_ws/install/snake_segmentation:/opt/ros/humble'), ('ORIGINAL_XDG_CURRENT_DESKTOP', 'ubuntu:GNOME'), ('SHELL', '/bin/bash'), ('QT_ACCESSIBILITY', '1'), ('GDMSESSION', 'ubuntu'), ('LESSCLOSE', '/usr/bin/lesspipe %s %s'), ('VSCODE_GIT_ASKPASS_EXTRA_ARGS', ''), ('QT_IM_MODULE', 'ibus'), ('PWD', '/home/aleksantari/ros2_snake_ws/build/yolo_msgs'), ('XDG_CONFIG_DIRS', '/etc/xdg/xdg-ubuntu:/etc/xdg'), ('XDG_DATA_DIRS', '/usr/share/ubuntu:/usr/local/share/:/usr/share/:/var/lib/snapd/desktop'), ('PYTHONPATH', '/home/aleksantari/ros2_snake_ws/build/yolo_ros:/home/aleksantari/ros2_snake_ws/install/yolo_ros/lib/python3.10/site-packages:/home/aleksantari/ros2_snake_ws/install/yolo_msgs/local/lib/python3.10/dist-packages:/home/aleksantari/ros2_snake_ws/build/snake_segmentation:/home/aleksantari/ros2_snake_ws/install/snake_segmentation/lib/python3.10/site-packages:/opt/ros/humble/lib/python3.10/site-packages:/opt/ros/humble/local/lib/python3.10/dist-packages'), ('COLCON', '1'), ('VTE_VERSION', '6800'), ('CMAKE_PREFIX_PATH', '/home/aleksantari/ros2_snake_ws/install/yolo_bringup:/home/aleksantari/ros2_snake_ws/install/yolo_msgs:/home/aleksantari/ros2_snake_ws/install/yolo_ros:/home/aleksantari/ros2_snake_ws/install/snake_segmentation:/opt/ros/humble')]), 'shell': False}
[0.856991] (snake_segmentation) Command: {'cmd': ['/usr/bin/python3', '-W', 'ignore:setup.py install is deprecated', '-W', 'ignore:easy_install command is deprecated', 'setup.py', 'develop', '--editable', '--build-directory', '/home/aleksantari/ros2_snake_ws/build/snake_segmentation/build', '--no-deps', 'symlink_data'], 'cwd': '/home/aleksantari/ros2_snake_ws/build/snake_segmentation', 'env': {'LESSOPEN': '| /usr/bin/lesspipe %s', 'USER': 'aleksantari', 'XDG_SESSION_TYPE': 'wayland', 'GIT_ASKPASS': '/usr/share/code/resources/app/extensions/git/dist/askpass.sh', 'SHLVL': '2', 'LD_LIBRARY_PATH': '/home/aleksantari/ros2_snake_ws/install/yolo_msgs/lib:/opt/ros/humble/opt/rviz_ogre_vendor/lib:/opt/ros/humble/lib/aarch64-linux-gnu:/opt/ros/humble/lib', 'HOME': '/home/aleksantari', 'CHROME_DESKTOP': 'code.desktop', 'OLDPWD': '/home/aleksantari/ros2_snake_ws/src', 'TERM_PROGRAM_VERSION': '1.99.2', 'DESKTOP_SESSION': 'ubuntu', 'ROS_PYTHON_VERSION': '3', 'GNOME_SHELL_SESSION_MODE': 'ubuntu', 'GTK_MODULES': 'gail:atk-bridge', 'VSCODE_GIT_ASKPASS_MAIN': '/usr/share/code/resources/app/extensions/git/dist/askpass-main.js', 'VSCODE_GIT_ASKPASS_NODE': '/usr/share/code/code', 'PYDEVD_DISABLE_FILE_VALIDATION': '1', 'SYSTEMD_EXEC_PID': '1656', 'BUNDLED_DEBUGPY_PATH': '/home/aleksantari/.vscode/extensions/ms-python.debugpy-2025.6.0-linux-arm64/bundled/libs/debugpy', 'DBUS_SESSION_BUS_ADDRESS': 'unix:path=/run/user/1000/bus', 'COLORTERM': 'truecolor', 'IM_CONFIG_PHASE': '1', 'WAYLAND_DISPLAY': 'wayland-0', 'COLCON_PREFIX_PATH': '/home/aleksantari/ros2_snake_ws/install', 'ROS_DISTRO': 'humble', 'LOGNAME': 'aleksantari', '_': '/usr/bin/colcon', 'ROS_VERSION': '2', 'XDG_SESSION_CLASS': 'user', 'USERNAME': 'aleksantari', 'TERM': 'xterm-256color', 'GNOME_DESKTOP_SESSION_ID': 'this-is-deprecated', 'ROS_LOCALHOST_ONLY': '0', 'PATH': '/home/aleksantari/.local/bin:/opt/ros/humble/bin:/home/aleksantari/.local/bin:/home/aleksantari/.local/bin:/usr/local/sbin:/usr/local/bin:/usr/sbin:/usr/bin:/sbin:/bin:/usr/games:/usr/local/games:/snap/bin:/snap/bin:/home/aleksantari/.vscode/extensions/ms-python.debugpy-2025.6.0-linux-arm64/bundled/scripts/noConfigScripts', 'SESSION_MANAGER': 'local/linux:@/tmp/.ICE-unix/1633,unix/linux:/tmp/.ICE-unix/1633', 'XDG_MENU_PREFIX': 'gnome-', 'GNOME_TERMINAL_SCREEN': '/org/gnome/Terminal/screen/b99b93a8_8355_4927_a43b_f72817671520', 'GNOME_SETUP_DISPLAY': ':1', 'XDG_RUNTIME_DIR': '/run/user/1000', 'GDK_BACKEND': 'x11', 'DISPLAY': ':0', 'VSCODE_DEBUGPY_ADAPTER_ENDPOINTS': '/home/aleksantari/.vscode/extensions/ms-python.debugpy-2025.6.0-linux-arm64/.noConfigDebugAdapterEndpoints/endpoint-6b7ff3644262e962.txt', 'LANG': 'en_US.UTF-8', 'XDG_CURRENT_DESKTOP': 'Unity', 'XMODIFIERS': '@im=ibus', 'XDG_SESSION_DESKTOP': 'ubuntu', 'XAUTHORITY': '/run/user/1000/.mutter-Xwaylandauth.BNH542', 'LS_COLORS': 'rs=0:di=01;34:ln=01;36:mh=00:pi=40;33:so=01;35:do=01;35:bd=40;33;01:cd=40;33;01:or=40;31;01:mi=00:su=37;41:sg=30;43:ca=30;41:tw=30;42:ow=34;42:st=37;44:ex=01;32:*.tar=01;31:*.tgz=01;31:*.arc=01;31:*.arj=01;31:*.taz=01;31:*.lha=01;31:*.lz4=01;31:*.lzh=01;31:*.lzma=01;31:*.tlz=01;31:*.txz=01;31:*.tzo=01;31:*.t7z=01;31:*.zip=01;31:*.z=01;31:*.dz=01;31:*.gz=01;31:*.lrz=01;31:*.lz=01;31:*.lzo=01;31:*.xz=01;31:*.zst=01;31:*.tzst=01;31:*.bz2=01;31:*.bz=01;31:*.tbz=01;31:*.tbz2=01;31:*.tz=01;31:*.deb=01;31:*.rpm=01;31:*.jar=01;31:*.war=01;31:*.ear=01;31:*.sar=01;31:*.rar=01;31:*.alz=01;31:*.ace=01;31:*.zoo=01;31:*.cpio=01;31:*.7z=01;31:*.rz=01;31:*.cab=01;31:*.wim=01;31:*.swm=01;31:*.dwm=01;31:*.esd=01;31:*.jpg=01;35:*.jpeg=01;35:*.mjpg=01;35:*.mjpeg=01;35:*.gif=01;35:*.bmp=01;35:*.pbm=01;35:*.pgm=01;35:*.ppm=01;35:*.tga=01;35:*.xbm=01;35:*.xpm=01;35:*.tif=01;35:*.tiff=01;35:*.png=01;35:*.svg=01;35:*.svgz=01;35:*.mng=01;35:*.pcx=01;35:*.mov=01;35:*.mpg=01;35:*.mpeg=01;35:*.m2v=01;35:*.mkv=01;35:*.webm=01;35:*.webp=01;35:*.ogm=01;35:*.mp4=01;35:*.m4v=01;35:*.mp4v=01;35:*.vob=01;35:*.qt=01;35:*.nuv=01;35:*.wmv=01;35:*.asf=01;35:*.rm=01;35:*.rmvb=01;35:*.flc=01;35:*.avi=01;35:*.fli=01;35:*.flv=01;35:*.gl=01;35:*.dl=01;35:*.xcf=01;35:*.xwd=01;35:*.yuv=01;35:*.cgm=01;35:*.emf=01;35:*.ogv=01;35:*.ogx=01;35:*.aac=00;36:*.au=00;36:*.flac=00;36:*.m4a=00;36:*.mid=00;36:*.midi=00;36:*.mka=00;36:*.mp3=00;36:*.mpc=00;36:*.ogg=00;36:*.ra=00;36:*.wav=00;36:*.oga=00;36:*.opus=00;36:*.spx=00;36:*.xspf=00;36:', 'VSCODE_GIT_IPC_HANDLE': '/run/user/1000/vscode-git-ad06424500.sock', 'GNOME_TERMINAL_SERVICE': ':1.113', 'TERM_PROGRAM': 'vscode', 'SSH_AGENT_LAUNCHER': 'gnome-keyring', 'SSH_AUTH_SOCK': '/run/user/1000/keyring/ssh', 'AMENT_PREFIX_PATH': '/home/aleksantari/ros2_snake_ws/install/yolo_bringup:/home/aleksantari/ros2_snake_ws/install/yolo_ros:/home/aleksantari/ros2_snake_ws/install/yolo_msgs:/home/aleksantari/ros2_snake_ws/install/snake_segmentation:/opt/ros/humble', 'ORIGINAL_XDG_CURRENT_DESKTOP': 'ubuntu:GNOME', 'SHELL': '/bin/bash', 'QT_ACCESSIBILITY': '1', 'GDMSESSION': 'ubuntu', 'LESSCLOSE': '/usr/bin/lesspipe %s %s', 'VSCODE_GIT_ASKPASS_EXTRA_ARGS': '', 'QT_IM_MODULE': 'ibus', 'PWD': '/home/aleksantari/ros2_snake_ws/build/snake_segmentation', 'XDG_CONFIG_DIRS': '/etc/xdg/xdg-ubuntu:/etc/xdg', 'XDG_DATA_DIRS': '/usr/share/ubuntu:/usr/local/share/:/usr/share/:/var/lib/snapd/desktop', 'PYTHONPATH': '/home/aleksantari/ros2_snake_ws/build/snake_segmentation/prefix_override:/usr/lib/python3/dist-packages/colcon_core/task/python/colcon_distutils_commands:/home/aleksantari/ros2_snake_ws/install/snake_segmentation/lib/python3.10/site-packages:/home/aleksantari/ros2_snake_ws/build/yolo_ros:/home/aleksantari/ros2_snake_ws/install/yolo_ros/lib/python3.10/site-packages:/home/aleksantari/ros2_snake_ws/install/yolo_msgs/local/lib/python3.10/dist-packages:/home/aleksantari/ros2_snake_ws/build/snake_segmentation:/home/aleksantari/ros2_snake_ws/install/snake_segmentation/lib/python3.10/site-packages:/opt/ros/humble/lib/python3.10/site-packages:/opt/ros/humble/local/lib/python3.10/dist-packages', 'COLCON': '1', 'VTE_VERSION': '6800', 'CMAKE_PREFIX_PATH': '/home/aleksantari/ros2_snake_ws/install/yolo_bringup:/home/aleksantari/ros2_snake_ws/install/yolo_msgs'}, 'shell': False}
[0.860643] (yolo_msgs) StdoutLine: {'line': b'-- Install configuration: ""\n'}
[0.861844] (yolo_msgs) StdoutLine: {'line': b'-- Execute custom install script\n'}
[0.862316] (yolo_msgs) StdoutLine: {'line': b'-- Up-to-date symlink: /home/aleksantari/ros2_snake_ws/install/yolo_msgs/share/ament_index/resource_index/rosidl_interfaces/yolo_msgs\n'}
[0.863698] (yolo_msgs) StdoutLine: {'line': b'-- Up-to-date symlink: /home/aleksantari/ros2_snake_ws/install/yolo_msgs/include/yolo_msgs/yolo_msgs/msg/bounding_box2_d.h\n'}
[0.863845] (yolo_msgs) StdoutLine: {'line': b'-- Up-to-date symlink: /home/aleksantari/ros2_snake_ws/install/yolo_msgs/include/yolo_msgs/yolo_msgs/msg/bounding_box3_d.h\n'}
[0.864229] (yolo_msgs) StdoutLine: {'line': b'-- Up-to-date symlink: /home/aleksantari/ros2_snake_ws/install/yolo_msgs/include/yolo_msgs/yolo_msgs/msg/detail/bounding_box2_d__functions.h\n'}
[0.864423] (yolo_msgs) StdoutLine: {'line': b'-- Up-to-date symlink: /home/aleksantari/ros2_snake_ws/install/yolo_msgs/include/yolo_msgs/yolo_msgs/msg/detail/bounding_box2_d__struct.h\n'}
[0.864604] (yolo_msgs) StdoutLine: {'line': b'-- Up-to-date symlink: /home/aleksantari/ros2_snake_ws/install/yolo_msgs/include/yolo_msgs/yolo_msgs/msg/detail/bounding_box2_d__type_support.h\n'}
[0.864778] (yolo_msgs) StdoutLine: {'line': b'-- Up-to-date symlink: /home/aleksantari/ros2_snake_ws/install/yolo_msgs/include/yolo_msgs/yolo_msgs/msg/detail/bounding_box3_d__functions.h\n'}
[0.865121] (yolo_msgs) StdoutLine: {'line': b'-- Up-to-date symlink: /home/aleksantari/ros2_snake_ws/install/yolo_msgs/include/yolo_msgs/yolo_msgs/msg/detail/bounding_box3_d__struct.h\n'}
[0.865450] (yolo_msgs) StdoutLine: {'line': b'-- Up-to-date symlink: /home/aleksantari/ros2_snake_ws/install/yolo_msgs/include/yolo_msgs/yolo_msgs/msg/detail/bounding_box3_d__type_support.h\n'}
[0.865539] (yolo_msgs) StdoutLine: {'line': b'-- Up-to-date symlink: /home/aleksantari/ros2_snake_ws/install/yolo_msgs/include/yolo_msgs/yolo_msgs/msg/detail/detection__functions.h\n'}
[0.865678] (yolo_msgs) StdoutLine: {'line': b'-- Up-to-date symlink: /home/aleksantari/ros2_snake_ws/install/yolo_msgs/include/yolo_msgs/yolo_msgs/msg/detail/detection__struct.h\n'}
[0.866022] (yolo_msgs) StdoutLine: {'line': b'-- Up-to-date symlink: /home/aleksantari/ros2_snake_ws/install/yolo_msgs/include/yolo_msgs/yolo_msgs/msg/detail/detection__type_support.h\n'}
[0.866317] (yolo_msgs) StdoutLine: {'line': b'-- Up-to-date symlink: /home/aleksantari/ros2_snake_ws/install/yolo_msgs/include/yolo_msgs/yolo_msgs/msg/detail/detection_array__functions.h\n'}
[0.866606] (yolo_msgs) StdoutLine: {'line': b'-- Up-to-date symlink: /home/aleksantari/ros2_snake_ws/install/yolo_msgs/include/yolo_msgs/yolo_msgs/msg/detail/detection_array__struct.h\n'}
[0.866785] (yolo_msgs) StdoutLine: {'line': b'-- Up-to-date symlink: /home/aleksantari/ros2_snake_ws/install/yolo_msgs/include/yolo_msgs/yolo_msgs/msg/detail/detection_array__type_support.h\n'}
[0.866928] (yolo_msgs) StdoutLine: {'line': b'-- Up-to-date symlink: /home/aleksantari/ros2_snake_ws/install/yolo_msgs/include/yolo_msgs/yolo_msgs/msg/detail/key_point2_d__functions.h\n'}
[0.867061] (yolo_msgs) StdoutLine: {'line': b'-- Up-to-date symlink: /home/aleksantari/ros2_snake_ws/install/yolo_msgs/include/yolo_msgs/yolo_msgs/msg/detail/key_point2_d__struct.h\n'}
[0.867211] (yolo_msgs) StdoutLine: {'line': b'-- Up-to-date symlink: /home/aleksantari/ros2_snake_ws/install/yolo_msgs/include/yolo_msgs/yolo_msgs/msg/detail/key_point2_d__type_support.h\n'}
[0.867398] (yolo_msgs) StdoutLine: {'line': b'-- Up-to-date symlink: /home/aleksantari/ros2_snake_ws/install/yolo_msgs/include/yolo_msgs/yolo_msgs/msg/detail/key_point2_d_array__functions.h\n'}
[0.867536] (yolo_msgs) StdoutLine: {'line': b'-- Up-to-date symlink: /home/aleksantari/ros2_snake_ws/install/yolo_msgs/include/yolo_msgs/yolo_msgs/msg/detail/key_point2_d_array__struct.h\n'}
[0.867668] (yolo_msgs) StdoutLine: {'line': b'-- Up-to-date symlink: /home/aleksantari/ros2_snake_ws/install/yolo_msgs/include/yolo_msgs/yolo_msgs/msg/detail/key_point2_d_array__type_support.h\n'}
[0.867809] (yolo_msgs) StdoutLine: {'line': b'-- Up-to-date symlink: /home/aleksantari/ros2_snake_ws/install/yolo_msgs/include/yolo_msgs/yolo_msgs/msg/detail/key_point3_d__functions.h\n'}
[0.867994] (yolo_msgs) StdoutLine: {'line': b'-- Up-to-date symlink: /home/aleksantari/ros2_snake_ws/install/yolo_msgs/include/yolo_msgs/yolo_msgs/msg/detail/key_point3_d__struct.h\n'}
[0.868145] (yolo_msgs) StdoutLine: {'line': b'-- Up-to-date symlink: /home/aleksantari/ros2_snake_ws/install/yolo_msgs/include/yolo_msgs/yolo_msgs/msg/detail/key_point3_d__type_support.h\n'}
[0.868283] (yolo_msgs) StdoutLine: {'line': b'-- Up-to-date symlink: /home/aleksantari/ros2_snake_ws/install/yolo_msgs/include/yolo_msgs/yolo_msgs/msg/detail/key_point3_d_array__functions.h\n'}
[0.868412] (yolo_msgs) StdoutLine: {'line': b'-- Up-to-date symlink: /home/aleksantari/ros2_snake_ws/install/yolo_msgs/include/yolo_msgs/yolo_msgs/msg/detail/key_point3_d_array__struct.h\n'}
[0.868546] (yolo_msgs) StdoutLine: {'line': b'-- Up-to-date symlink: /home/aleksantari/ros2_snake_ws/install/yolo_msgs/include/yolo_msgs/yolo_msgs/msg/detail/key_point3_d_array__type_support.h\n'}
[0.868713] (yolo_msgs) StdoutLine: {'line': b'-- Up-to-date symlink: /home/aleksantari/ros2_snake_ws/install/yolo_msgs/include/yolo_msgs/yolo_msgs/msg/detail/mask__functions.h\n'}
[0.868937] (yolo_msgs) StdoutLine: {'line': b'-- Up-to-date symlink: /home/aleksantari/ros2_snake_ws/install/yolo_msgs/include/yolo_msgs/yolo_msgs/msg/detail/mask__struct.h\n'}
[0.869163] (yolo_msgs) StdoutLine: {'line': b'-- Up-to-date symlink: /home/aleksantari/ros2_snake_ws/install/yolo_msgs/include/yolo_msgs/yolo_msgs/msg/detail/mask__type_support.h\n'}
[0.869337] (yolo_msgs) StdoutLine: {'line': b'-- Up-to-date symlink: /home/aleksantari/ros2_snake_ws/install/yolo_msgs/include/yolo_msgs/yolo_msgs/msg/detail/point2_d__functions.h\n'}
[0.869484] (yolo_msgs) StdoutLine: {'line': b'-- Up-to-date symlink: /home/aleksantari/ros2_snake_ws/install/yolo_msgs/include/yolo_msgs/yolo_msgs/msg/detail/point2_d__struct.h\n'}
[0.869615] (yolo_msgs) StdoutLine: {'line': b'-- Up-to-date symlink: /home/aleksantari/ros2_snake_ws/install/yolo_msgs/include/yolo_msgs/yolo_msgs/msg/detail/point2_d__type_support.h\n'}
[0.869747] (yolo_msgs) StdoutLine: {'line': b'-- Up-to-date symlink: /home/aleksantari/ros2_snake_ws/install/yolo_msgs/include/yolo_msgs/yolo_msgs/msg/detail/pose2_d__functions.h\n'}
[0.869890] (yolo_msgs) StdoutLine: {'line': b'-- Up-to-date symlink: /home/aleksantari/ros2_snake_ws/install/yolo_msgs/include/yolo_msgs/yolo_msgs/msg/detail/pose2_d__struct.h\n'}
[0.870026] (yolo_msgs) StdoutLine: {'line': b'-- Up-to-date symlink: /home/aleksantari/ros2_snake_ws/install/yolo_msgs/include/yolo_msgs/yolo_msgs/msg/detail/pose2_d__type_support.h\n'}
[0.870404] (yolo_msgs) StdoutLine: {'line': b'-- Up-to-date symlink: /home/aleksantari/ros2_snake_ws/install/yolo_msgs/include/yolo_msgs/yolo_msgs/msg/detail/vector2__functions.h\n'}
[0.870550] (yolo_msgs) StdoutLine: {'line': b'-- Up-to-date symlink: /home/aleksantari/ros2_snake_ws/install/yolo_msgs/include/yolo_msgs/yolo_msgs/msg/detail/vector2__struct.h\n'}
[0.870713] (yolo_msgs) StdoutLine: {'line': b'-- Up-to-date symlink: /home/aleksantari/ros2_snake_ws/install/yolo_msgs/include/yolo_msgs/yolo_msgs/msg/detail/vector2__type_support.h\n'}
[0.870877] (yolo_msgs) StdoutLine: {'line': b'-- Up-to-date symlink: /home/aleksantari/ros2_snake_ws/install/yolo_msgs/include/yolo_msgs/yolo_msgs/msg/detection.h\n'}
[0.871123] (yolo_msgs) StdoutLine: {'line': b'-- Up-to-date symlink: /home/aleksantari/ros2_snake_ws/install/yolo_msgs/include/yolo_msgs/yolo_msgs/msg/detection_array.h\n'}
[0.871269] (yolo_msgs) StdoutLine: {'line': b'-- Up-to-date symlink: /home/aleksantari/ros2_snake_ws/install/yolo_msgs/include/yolo_msgs/yolo_msgs/msg/key_point2_d.h\n'}
[0.871401] (yolo_msgs) StdoutLine: {'line': b'-- Up-to-date symlink: /home/aleksantari/ros2_snake_ws/install/yolo_msgs/include/yolo_msgs/yolo_msgs/msg/key_point2_d_array.h\n'}
[0.871563] (yolo_msgs) StdoutLine: {'line': b'-- Up-to-date symlink: /home/aleksantari/ros2_snake_ws/install/yolo_msgs/include/yolo_msgs/yolo_msgs/msg/key_point3_d.h\n'}
[0.871699] (yolo_msgs) StdoutLine: {'line': b'-- Up-to-date symlink: /home/aleksantari/ros2_snake_ws/install/yolo_msgs/include/yolo_msgs/yolo_msgs/msg/key_point3_d_array.h\n'}
[0.871833] (yolo_msgs) StdoutLine: {'line': b'-- Up-to-date symlink: /home/aleksantari/ros2_snake_ws/install/yolo_msgs/include/yolo_msgs/yolo_msgs/msg/mask.h\n'}
[0.871975] (yolo_msgs) StdoutLine: {'line': b'-- Up-to-date symlink: /home/aleksantari/ros2_snake_ws/install/yolo_msgs/include/yolo_msgs/yolo_msgs/msg/point2_d.h\n'}
[0.872108] (yolo_msgs) StdoutLine: {'line': b'-- Up-to-date symlink: /home/aleksantari/ros2_snake_ws/install/yolo_msgs/include/yolo_msgs/yolo_msgs/msg/pose2_d.h\n'}
[0.872238] (yolo_msgs) StdoutLine: {'line': b'-- Up-to-date symlink: /home/aleksantari/ros2_snake_ws/install/yolo_msgs/include/yolo_msgs/yolo_msgs/msg/rosidl_generator_c__visibility_control.h\n'}
[0.872368] (yolo_msgs) StdoutLine: {'line': b'-- Up-to-date symlink: /home/aleksantari/ros2_snake_ws/install/yolo_msgs/include/yolo_msgs/yolo_msgs/msg/vector2.h\n'}
[0.872554] (yolo_msgs) StdoutLine: {'line': b'-- Up-to-date symlink: /home/aleksantari/ros2_snake_ws/install/yolo_msgs/include/yolo_msgs/yolo_msgs/srv/detail/set_classes__functions.h\n'}
[0.872683] (yolo_msgs) StdoutLine: {'line': b'-- Up-to-date symlink: /home/aleksantari/ros2_snake_ws/install/yolo_msgs/include/yolo_msgs/yolo_msgs/srv/detail/set_classes__struct.h\n'}
[0.872816] (yolo_msgs) StdoutLine: {'line': b'-- Up-to-date symlink: /home/aleksantari/ros2_snake_ws/install/yolo_msgs/include/yolo_msgs/yolo_msgs/srv/detail/set_classes__type_support.h\n'}
[0.872985] (yolo_msgs) StdoutLine: {'line': b'-- Up-to-date symlink: /home/aleksantari/ros2_snake_ws/install/yolo_msgs/include/yolo_msgs/yolo_msgs/srv/set_classes.h\n'}
[0.873241] (yolo_msgs) StdoutLine: {'line': b'-- Up-to-date symlink: /home/aleksantari/ros2_snake_ws/install/yolo_msgs/share/yolo_msgs/environment/library_path.sh\n'}
[0.873406] (yolo_msgs) StdoutLine: {'line': b'-- Up-to-date symlink: /home/aleksantari/ros2_snake_ws/install/yolo_msgs/share/yolo_msgs/environment/library_path.dsv\n'}
[0.874065] (yolo_msgs) StdoutLine: {'line': b'-- Up-to-date symlink: /home/aleksantari/ros2_snake_ws/install/yolo_msgs/include/yolo_msgs/yolo_msgs/msg/detail/bounding_box2_d__rosidl_typesupport_fastrtps_c.h\n'}
[0.874225] (yolo_msgs) StdoutLine: {'line': b'-- Up-to-date symlink: /home/aleksantari/ros2_snake_ws/install/yolo_msgs/include/yolo_msgs/yolo_msgs/msg/detail/bounding_box3_d__rosidl_typesupport_fastrtps_c.h\n'}
[0.874385] (yolo_msgs) StdoutLine: {'line': b'-- Up-to-date symlink: /home/aleksantari/ros2_snake_ws/install/yolo_msgs/include/yolo_msgs/yolo_msgs/msg/detail/detection__rosidl_typesupport_fastrtps_c.h\n'}
[0.874529] (yolo_msgs) StdoutLine: {'line': b'-- Up-to-date symlink: /home/aleksantari/ros2_snake_ws/install/yolo_msgs/include/yolo_msgs/yolo_msgs/msg/detail/detection_array__rosidl_typesupport_fastrtps_c.h\n'}
[0.874672] (yolo_msgs) StdoutLine: {'line': b'-- Up-to-date symlink: /home/aleksantari/ros2_snake_ws/install/yolo_msgs/include/yolo_msgs/yolo_msgs/msg/detail/key_point2_d__rosidl_typesupport_fastrtps_c.h\n'}
[0.874823] (yolo_msgs) StdoutLine: {'line': b'-- Up-to-date symlink: /home/aleksantari/ros2_snake_ws/install/yolo_msgs/include/yolo_msgs/yolo_msgs/msg/detail/key_point2_d_array__rosidl_typesupport_fastrtps_c.h\n'}
[0.874992] (yolo_msgs) StdoutLine: {'line': b'-- Up-to-date symlink: /home/aleksantari/ros2_snake_ws/install/yolo_msgs/include/yolo_msgs/yolo_msgs/msg/detail/key_point3_d__rosidl_typesupport_fastrtps_c.h\n'}
[0.875131] (yolo_msgs) StdoutLine: {'line': b'-- Up-to-date symlink: /home/aleksantari/ros2_snake_ws/install/yolo_msgs/include/yolo_msgs/yolo_msgs/msg/detail/key_point3_d_array__rosidl_typesupport_fastrtps_c.h\n'}
[0.875266] (yolo_msgs) StdoutLine: {'line': b'-- Up-to-date symlink: /home/aleksantari/ros2_snake_ws/install/yolo_msgs/include/yolo_msgs/yolo_msgs/msg/detail/mask__rosidl_typesupport_fastrtps_c.h\n'}
[0.875399] (yolo_msgs) StdoutLine: {'line': b'-- Up-to-date symlink: /home/aleksantari/ros2_snake_ws/install/yolo_msgs/include/yolo_msgs/yolo_msgs/msg/detail/point2_d__rosidl_typesupport_fastrtps_c.h\n'}
[0.875535] (yolo_msgs) StdoutLine: {'line': b'-- Up-to-date symlink: /home/aleksantari/ros2_snake_ws/install/yolo_msgs/include/yolo_msgs/yolo_msgs/msg/detail/pose2_d__rosidl_typesupport_fastrtps_c.h\n'}
[0.875692] (yolo_msgs) StdoutLine: {'line': b'-- Up-to-date symlink: /home/aleksantari/ros2_snake_ws/install/yolo_msgs/include/yolo_msgs/yolo_msgs/msg/detail/vector2__rosidl_typesupport_fastrtps_c.h\n'}
[0.875827] (yolo_msgs) StdoutLine: {'line': b'-- Up-to-date symlink: /home/aleksantari/ros2_snake_ws/install/yolo_msgs/include/yolo_msgs/yolo_msgs/msg/rosidl_typesupport_fastrtps_c__visibility_control.h\n'}
[0.875960] (yolo_msgs) StdoutLine: {'line': b'-- Up-to-date symlink: /home/aleksantari/ros2_snake_ws/install/yolo_msgs/include/yolo_msgs/yolo_msgs/srv/detail/set_classes__rosidl_typesupport_fastrtps_c.h\n'}
[0.876393] (yolo_msgs) StdoutLine: {'line': b'-- Up-to-date symlink: /home/aleksantari/ros2_snake_ws/install/yolo_msgs/include/yolo_msgs/yolo_msgs/msg/detail/bounding_box2_d__rosidl_typesupport_introspection_c.h\n'}
[0.876559] (yolo_msgs) StdoutLine: {'line': b'-- Up-to-date symlink: /home/aleksantari/ros2_snake_ws/install/yolo_msgs/include/yolo_msgs/yolo_msgs/msg/detail/bounding_box3_d__rosidl_typesupport_introspection_c.h\n'}
[0.876699] (yolo_msgs) StdoutLine: {'line': b'-- Up-to-date symlink: /home/aleksantari/ros2_snake_ws/install/yolo_msgs/include/yolo_msgs/yolo_msgs/msg/detail/detection__rosidl_typesupport_introspection_c.h\n'}
[0.876834] (yolo_msgs) StdoutLine: {'line': b'-- Up-to-date symlink: /home/aleksantari/ros2_snake_ws/install/yolo_msgs/include/yolo_msgs/yolo_msgs/msg/detail/detection_array__rosidl_typesupport_introspection_c.h\n'}
[0.876971] (yolo_msgs) StdoutLine: {'line': b'-- Up-to-date symlink: /home/aleksantari/ros2_snake_ws/install/yolo_msgs/include/yolo_msgs/yolo_msgs/msg/detail/key_point2_d__rosidl_typesupport_introspection_c.h\n'}
[0.877123] (yolo_msgs) StdoutLine: {'line': b'-- Up-to-date symlink: /home/aleksantari/ros2_snake_ws/install/yolo_msgs/include/yolo_msgs/yolo_msgs/msg/detail/key_point2_d_array__rosidl_typesupport_introspection_c.h\n'}
[0.877260] (yolo_msgs) StdoutLine: {'line': b'-- Up-to-date symlink: /home/aleksantari/ros2_snake_ws/install/yolo_msgs/include/yolo_msgs/yolo_msgs/msg/detail/key_point3_d__rosidl_typesupport_introspection_c.h\n'}
[0.877401] (yolo_msgs) StdoutLine: {'line': b'-- Up-to-date symlink: /home/aleksantari/ros2_snake_ws/install/yolo_msgs/include/yolo_msgs/yolo_msgs/msg/detail/key_point3_d_array__rosidl_typesupport_introspection_c.h\n'}
[0.877537] (yolo_msgs) StdoutLine: {'line': b'-- Up-to-date symlink: /home/aleksantari/ros2_snake_ws/install/yolo_msgs/include/yolo_msgs/yolo_msgs/msg/detail/mask__rosidl_typesupport_introspection_c.h\n'}
[0.877677] (yolo_msgs) StdoutLine: {'line': b'-- Up-to-date symlink: /home/aleksantari/ros2_snake_ws/install/yolo_msgs/include/yolo_msgs/yolo_msgs/msg/detail/point2_d__rosidl_typesupport_introspection_c.h\n'}
[0.877809] (yolo_msgs) StdoutLine: {'line': b'-- Up-to-date symlink: /home/aleksantari/ros2_snake_ws/install/yolo_msgs/include/yolo_msgs/yolo_msgs/msg/detail/pose2_d__rosidl_typesupport_introspection_c.h\n'}
[0.877940] (yolo_msgs) StdoutLine: {'line': b'-- Up-to-date symlink: /home/aleksantari/ros2_snake_ws/install/yolo_msgs/include/yolo_msgs/yolo_msgs/msg/detail/vector2__rosidl_typesupport_introspection_c.h\n'}
[0.878075] (yolo_msgs) StdoutLine: {'line': b'-- Up-to-date symlink: /home/aleksantari/ros2_snake_ws/install/yolo_msgs/include/yolo_msgs/yolo_msgs/msg/rosidl_typesupport_introspection_c__visibility_control.h\n'}
[0.878209] (yolo_msgs) StdoutLine: {'line': b'-- Up-to-date symlink: /home/aleksantari/ros2_snake_ws/install/yolo_msgs/include/yolo_msgs/yolo_msgs/srv/detail/set_classes__rosidl_typesupport_introspection_c.h\n'}
[0.878874] (yolo_msgs) StdoutLine: {'line': b'-- Up-to-date symlink: /home/aleksantari/ros2_snake_ws/install/yolo_msgs/include/yolo_msgs/yolo_msgs/msg/bounding_box2_d.hpp\n'}
[0.879020] (yolo_msgs) StdoutLine: {'line': b'-- Up-to-date symlink: /home/aleksantari/ros2_snake_ws/install/yolo_msgs/include/yolo_msgs/yolo_msgs/msg/bounding_box3_d.hpp\n'}
[0.879170] (yolo_msgs) StdoutLine: {'line': b'-- Up-to-date symlink: /home/aleksantari/ros2_snake_ws/install/yolo_msgs/include/yolo_msgs/yolo_msgs/msg/detail/bounding_box2_d__builder.hpp\n'}
[0.879300] (yolo_msgs) StdoutLine: {'line': b'-- Up-to-date symlink: /home/aleksantari/ros2_snake_ws/install/yolo_msgs/include/yolo_msgs/yolo_msgs/msg/detail/bounding_box2_d__struct.hpp\n'}
[0.879430] (yolo_msgs) StdoutLine: {'line': b'-- Up-to-date symlink: /home/aleksantari/ros2_snake_ws/install/yolo_msgs/include/yolo_msgs/yolo_msgs/msg/detail/bounding_box2_d__traits.hpp\n'}
[0.879569] (yolo_msgs) StdoutLine: {'line': b'-- Up-to-date symlink: /home/aleksantari/ros2_snake_ws/install/yolo_msgs/include/yolo_msgs/yolo_msgs/msg/detail/bounding_box2_d__type_support.hpp\n'}
[0.879706] (yolo_msgs) StdoutLine: {'line': b'-- Up-to-date symlink: /home/aleksantari/ros2_snake_ws/install/yolo_msgs/include/yolo_msgs/yolo_msgs/msg/detail/bounding_box3_d__builder.hpp\n'}
[0.879872] (yolo_msgs) StdoutLine: {'line': b'-- Up-to-date symlink: /home/aleksantari/ros2_snake_ws/install/yolo_msgs/include/yolo_msgs/yolo_msgs/msg/detail/bounding_box3_d__struct.hpp\n'}
[0.880051] (yolo_msgs) StdoutLine: {'line': b'-- Up-to-date symlink: /home/aleksantari/ros2_snake_ws/install/yolo_msgs/include/yolo_msgs/yolo_msgs/msg/detail/bounding_box3_d__traits.hpp\n'}
[0.880197] (yolo_msgs) StdoutLine: {'line': b'-- Up-to-date symlink: /home/aleksantari/ros2_snake_ws/install/yolo_msgs/include/yolo_msgs/yolo_msgs/msg/detail/bounding_box3_d__type_support.hpp\n'}
[0.880331] (yolo_msgs) StdoutLine: {'line': b'-- Up-to-date symlink: /home/aleksantari/ros2_snake_ws/install/yolo_msgs/include/yolo_msgs/yolo_msgs/msg/detail/detection__builder.hpp\n'}
[0.880473] (yolo_msgs) StdoutLine: {'line': b'-- Up-to-date symlink: /home/aleksantari/ros2_snake_ws/install/yolo_msgs/include/yolo_msgs/yolo_msgs/msg/detail/detection__struct.hpp\n'}
[0.880746] (yolo_msgs) StdoutLine: {'line': b'-- Up-to-date symlink: /home/aleksantari/ros2_snake_ws/install/yolo_msgs/include/yolo_msgs/yolo_msgs/msg/detail/detection__traits.hpp\n'}
[0.880958] (yolo_msgs) StdoutLine: {'line': b'-- Up-to-date symlink: /home/aleksantari/ros2_snake_ws/install/yolo_msgs/include/yolo_msgs/yolo_msgs/msg/detail/detection__type_support.hpp\n'}
[0.881144] (yolo_msgs) StdoutLine: {'line': b'-- Up-to-date symlink: /home/aleksantari/ros2_snake_ws/install/yolo_msgs/include/yolo_msgs/yolo_msgs/msg/detail/detection_array__builder.hpp\n'}
[0.881289] (yolo_msgs) StdoutLine: {'line': b'-- Up-to-date symlink: /home/aleksantari/ros2_snake_ws/install/yolo_msgs/include/yolo_msgs/yolo_msgs/msg/detail/detection_array__struct.hpp\n'}
[0.881425] (yolo_msgs) StdoutLine: {'line': b'-- Up-to-date symlink: /home/aleksantari/ros2_snake_ws/install/yolo_msgs/include/yolo_msgs/yolo_msgs/msg/detail/detection_array__traits.hpp\n'}
[0.881564] (yolo_msgs) StdoutLine: {'line': b'-- Up-to-date symlink: /home/aleksantari/ros2_snake_ws/install/yolo_msgs/include/yolo_msgs/yolo_msgs/msg/detail/detection_array__type_support.hpp\n'}
[0.881731] (yolo_msgs) StdoutLine: {'line': b'-- Up-to-date symlink: /home/aleksantari/ros2_snake_ws/install/yolo_msgs/include/yolo_msgs/yolo_msgs/msg/detail/key_point2_d__builder.hpp\n'}
[0.881885] (yolo_msgs) StdoutLine: {'line': b'-- Up-to-date symlink: /home/aleksantari/ros2_snake_ws/install/yolo_msgs/include/yolo_msgs/yolo_msgs/msg/detail/key_point2_d__struct.hpp\n'}
[0.882029] (yolo_msgs) StdoutLine: {'line': b'-- Up-to-date symlink: /home/aleksantari/ros2_snake_ws/install/yolo_msgs/include/yolo_msgs/yolo_msgs/msg/detail/key_point2_d__traits.hpp\n'}
[0.882159] (yolo_msgs) StdoutLine: {'line': b'-- Up-to-date symlink: /home/aleksantari/ros2_snake_ws/install/yolo_msgs/include/yolo_msgs/yolo_msgs/msg/detail/key_point2_d__type_support.hpp\n'}
[0.882303] (yolo_msgs) StdoutLine: {'line': b'-- Up-to-date symlink: /home/aleksantari/ros2_snake_ws/install/yolo_msgs/include/yolo_msgs/yolo_msgs/msg/detail/key_point2_d_array__builder.hpp\n'}
[0.882448] (yolo_msgs) StdoutLine: {'line': b'-- Up-to-date symlink: /home/aleksantari/ros2_snake_ws/install/yolo_msgs/include/yolo_msgs/yolo_msgs/msg/detail/key_point2_d_array__struct.hpp\n'}
[0.882590] (yolo_msgs) StdoutLine: {'line': b'-- Up-to-date symlink: /home/aleksantari/ros2_snake_ws/install/yolo_msgs/include/yolo_msgs/yolo_msgs/msg/detail/key_point2_d_array__traits.hpp\n'}
[0.882724] (yolo_msgs) StdoutLine: {'line': b'-- Up-to-date symlink: /home/aleksantari/ros2_snake_ws/install/yolo_msgs/include/yolo_msgs/yolo_msgs/msg/detail/key_point2_d_array__type_support.hpp\n'}
[0.882869] (yolo_msgs) StdoutLine: {'line': b'-- Up-to-date symlink: /home/aleksantari/ros2_snake_ws/install/yolo_msgs/include/yolo_msgs/yolo_msgs/msg/detail/key_point3_d__builder.hpp\n'}
[0.883006] (yolo_msgs) StdoutLine: {'line': b'-- Up-to-date symlink: /home/aleksantari/ros2_snake_ws/install/yolo_msgs/include/yolo_msgs/yolo_msgs/msg/detail/key_point3_d__struct.hpp\n'}
[0.883135] (yolo_msgs) StdoutLine: {'line': b'-- Up-to-date symlink: /home/aleksantari/ros2_snake_ws/install/yolo_msgs/include/yolo_msgs/yolo_msgs/msg/detail/key_point3_d__traits.hpp\n'}
[0.883271] (yolo_msgs) StdoutLine: {'line': b'-- Up-to-date symlink: /home/aleksantari/ros2_snake_ws/install/yolo_msgs/include/yolo_msgs/yolo_msgs/msg/detail/key_point3_d__type_support.hpp\n'}
[0.883400] (yolo_msgs) StdoutLine: {'line': b'-- Up-to-date symlink: /home/aleksantari/ros2_snake_ws/install/yolo_msgs/include/yolo_msgs/yolo_msgs/msg/detail/key_point3_d_array__builder.hpp\n'}
[0.883535] (yolo_msgs) StdoutLine: {'line': b'-- Up-to-date symlink: /home/aleksantari/ros2_snake_ws/install/yolo_msgs/include/yolo_msgs/yolo_msgs/msg/detail/key_point3_d_array__struct.hpp\n'}
[0.883663] (yolo_msgs) StdoutLine: {'line': b'-- Up-to-date symlink: /home/aleksantari/ros2_snake_ws/install/yolo_msgs/include/yolo_msgs/yolo_msgs/msg/detail/key_point3_d_array__traits.hpp\n'}
[0.883793] (yolo_msgs) StdoutLine: {'line': b'-- Up-to-date symlink: /home/aleksantari/ros2_snake_ws/install/yolo_msgs/include/yolo_msgs/yolo_msgs/msg/detail/key_point3_d_array__type_support.hpp\n'}
[0.883929] (yolo_msgs) StdoutLine: {'line': b'-- Up-to-date symlink: /home/aleksantari/ros2_snake_ws/install/yolo_msgs/include/yolo_msgs/yolo_msgs/msg/detail/mask__builder.hpp\n'}
[0.884069] (yolo_msgs) StdoutLine: {'line': b'-- Up-to-date symlink: /home/aleksantari/ros2_snake_ws/install/yolo_msgs/include/yolo_msgs/yolo_msgs/msg/detail/mask__struct.hpp\n'}
[0.884217] (yolo_msgs) StdoutLine: {'line': b'-- Up-to-date symlink: /home/aleksantari/ros2_snake_ws/install/yolo_msgs/include/yolo_msgs/yolo_msgs/msg/detail/mask__traits.hpp\n'}
[0.884372] (yolo_msgs) StdoutLine: {'line': b'-- Up-to-date symlink: /home/aleksantari/ros2_snake_ws/install/yolo_msgs/include/yolo_msgs/yolo_msgs/msg/detail/mask__type_support.hpp\n'}
[0.884506] (yolo_msgs) StdoutLine: {'line': b'-- Up-to-date symlink: /home/aleksantari/ros2_snake_ws/install/yolo_msgs/include/yolo_msgs/yolo_msgs/msg/detail/point2_d__builder.hpp\n'}
[0.884635] (yolo_msgs) StdoutLine: {'line': b'-- Up-to-date symlink: /home/aleksantari/ros2_snake_ws/install/yolo_msgs/include/yolo_msgs/yolo_msgs/msg/detail/point2_d__struct.hpp\n'}
[0.884769] (yolo_msgs) StdoutLine: {'line': b'-- Up-to-date symlink: /home/aleksantari/ros2_snake_ws/install/yolo_msgs/include/yolo_msgs/yolo_msgs/msg/detail/point2_d__traits.hpp\n'}
[0.884913] (yolo_msgs) StdoutLine: {'line': b'-- Up-to-date symlink: /home/aleksantari/ros2_snake_ws/install/yolo_msgs/include/yolo_msgs/yolo_msgs/msg/detail/point2_d__type_support.hpp\n'}
[0.885075] (yolo_msgs) StdoutLine: {'line': b'-- Up-to-date symlink: /home/aleksantari/ros2_snake_ws/install/yolo_msgs/include/yolo_msgs/yolo_msgs/msg/detail/pose2_d__builder.hpp\n'}
[0.885214] (yolo_msgs) StdoutLine: {'line': b'-- Up-to-date symlink: /home/aleksantari/ros2_snake_ws/install/yolo_msgs/include/yolo_msgs/yolo_msgs/msg/detail/pose2_d__struct.hpp\n'}
[0.885359] (yolo_msgs) StdoutLine: {'line': b'-- Up-to-date symlink: /home/aleksantari/ros2_snake_ws/install/yolo_msgs/include/yolo_msgs/yolo_msgs/msg/detail/pose2_d__traits.hpp\n'}
[0.885489] (yolo_msgs) StdoutLine: {'line': b'-- Up-to-date symlink: /home/aleksantari/ros2_snake_ws/install/yolo_msgs/include/yolo_msgs/yolo_msgs/msg/detail/pose2_d__type_support.hpp\n'}
[0.885630] (yolo_msgs) StdoutLine: {'line': b'-- Up-to-date symlink: /home/aleksantari/ros2_snake_ws/install/yolo_msgs/include/yolo_msgs/yolo_msgs/msg/detail/vector2__builder.hpp\n'}
[0.885769] (yolo_msgs) StdoutLine: {'line': b'-- Up-to-date symlink: /home/aleksantari/ros2_snake_ws/install/yolo_msgs/include/yolo_msgs/yolo_msgs/msg/detail/vector2__struct.hpp\n'}
[0.885937] (yolo_msgs) StdoutLine: {'line': b'-- Up-to-date symlink: /home/aleksantari/ros2_snake_ws/install/yolo_msgs/include/yolo_msgs/yolo_msgs/msg/detail/vector2__traits.hpp\n'}
[0.886074] (yolo_msgs) StdoutLine: {'line': b'-- Up-to-date symlink: /home/aleksantari/ros2_snake_ws/install/yolo_msgs/include/yolo_msgs/yolo_msgs/msg/detail/vector2__type_support.hpp\n'}
[0.886214] (yolo_msgs) StdoutLine: {'line': b'-- Up-to-date symlink: /home/aleksantari/ros2_snake_ws/install/yolo_msgs/include/yolo_msgs/yolo_msgs/msg/detection.hpp\n'}
[0.886343] (yolo_msgs) StdoutLine: {'line': b'-- Up-to-date symlink: /home/aleksantari/ros2_snake_ws/install/yolo_msgs/include/yolo_msgs/yolo_msgs/msg/detection_array.hpp\n'}
[0.886473] (yolo_msgs) StdoutLine: {'line': b'-- Up-to-date symlink: /home/aleksantari/ros2_snake_ws/install/yolo_msgs/include/yolo_msgs/yolo_msgs/msg/key_point2_d.hpp\n'}
[0.886603] (yolo_msgs) StdoutLine: {'line': b'-- Up-to-date symlink: /home/aleksantari/ros2_snake_ws/install/yolo_msgs/include/yolo_msgs/yolo_msgs/msg/key_point2_d_array.hpp\n'}
[0.886737] (yolo_msgs) StdoutLine: {'line': b'-- Up-to-date symlink: /home/aleksantari/ros2_snake_ws/install/yolo_msgs/include/yolo_msgs/yolo_msgs/msg/key_point3_d.hpp\n'}
[0.886864] (yolo_msgs) StdoutLine: {'line': b'-- Up-to-date symlink: /home/aleksantari/ros2_snake_ws/install/yolo_msgs/include/yolo_msgs/yolo_msgs/msg/key_point3_d_array.hpp\n'}
[0.887000] (yolo_msgs) StdoutLine: {'line': b'-- Up-to-date symlink: /home/aleksantari/ros2_snake_ws/install/yolo_msgs/include/yolo_msgs/yolo_msgs/msg/mask.hpp\n'}
[0.887125] (yolo_msgs) StdoutLine: {'line': b'-- Up-to-date symlink: /home/aleksantari/ros2_snake_ws/install/yolo_msgs/include/yolo_msgs/yolo_msgs/msg/point2_d.hpp\n'}
[0.887256] (yolo_msgs) StdoutLine: {'line': b'-- Up-to-date symlink: /home/aleksantari/ros2_snake_ws/install/yolo_msgs/include/yolo_msgs/yolo_msgs/msg/pose2_d.hpp\n'}
[0.887390] (yolo_msgs) StdoutLine: {'line': b'-- Up-to-date symlink: /home/aleksantari/ros2_snake_ws/install/yolo_msgs/include/yolo_msgs/yolo_msgs/msg/rosidl_generator_cpp__visibility_control.hpp\n'}
[0.887612] (yolo_msgs) StdoutLine: {'line': b'-- Up-to-date symlink: /home/aleksantari/ros2_snake_ws/install/yolo_msgs/include/yolo_msgs/yolo_msgs/msg/vector2.hpp\n'}
[0.887764] (yolo_msgs) StdoutLine: {'line': b'-- Up-to-date symlink: /home/aleksantari/ros2_snake_ws/install/yolo_msgs/include/yolo_msgs/yolo_msgs/srv/detail/set_classes__builder.hpp\n'}
[0.887898] (yolo_msgs) StdoutLine: {'line': b'-- Up-to-date symlink: /home/aleksantari/ros2_snake_ws/install/yolo_msgs/include/yolo_msgs/yolo_msgs/srv/detail/set_classes__struct.hpp\n'}
[0.888030] (yolo_msgs) StdoutLine: {'line': b'-- Up-to-date symlink: /home/aleksantari/ros2_snake_ws/install/yolo_msgs/include/yolo_msgs/yolo_msgs/srv/detail/set_classes__traits.hpp\n'}
[0.888168] (yolo_msgs) StdoutLine: {'line': b'-- Up-to-date symlink: /home/aleksantari/ros2_snake_ws/install/yolo_msgs/include/yolo_msgs/yolo_msgs/srv/detail/set_classes__type_support.hpp\n'}
[0.888297] (yolo_msgs) StdoutLine: {'line': b'-- Up-to-date symlink: /home/aleksantari/ros2_snake_ws/install/yolo_msgs/include/yolo_msgs/yolo_msgs/srv/set_classes.hpp\n'}
[0.889000] (yolo_msgs) StdoutLine: {'line': b'-- Up-to-date symlink: /home/aleksantari/ros2_snake_ws/install/yolo_msgs/include/yolo_msgs/yolo_msgs/msg/detail/bounding_box2_d__rosidl_typesupport_fastrtps_cpp.hpp\n'}
[0.889209] (yolo_msgs) StdoutLine: {'line': b'-- Up-to-date symlink: /home/aleksantari/ros2_snake_ws/install/yolo_msgs/include/yolo_msgs/yolo_msgs/msg/detail/bounding_box3_d__rosidl_typesupport_fastrtps_cpp.hpp\n'}
[0.889418] (yolo_msgs) StdoutLine: {'line': b'-- Up-to-date symlink: /home/aleksantari/ros2_snake_ws/install/yolo_msgs/include/yolo_msgs/yolo_msgs/msg/detail/detection__rosidl_typesupport_fastrtps_cpp.hpp\n'}
[0.889626] (yolo_msgs) StdoutLine: {'line': b'-- Up-to-date symlink: /home/aleksantari/ros2_snake_ws/install/yolo_msgs/include/yolo_msgs/yolo_msgs/msg/detail/detection_array__rosidl_typesupport_fastrtps_cpp.hpp\n'}
[0.889822] (yolo_msgs) StdoutLine: {'line': b'-- Up-to-date symlink: /home/aleksantari/ros2_snake_ws/install/yolo_msgs/include/yolo_msgs/yolo_msgs/msg/detail/key_point2_d__rosidl_typesupport_fastrtps_cpp.hpp\n'}
[0.889986] (yolo_msgs) StdoutLine: {'line': b'-- Up-to-date symlink: /home/aleksantari/ros2_snake_ws/install/yolo_msgs/include/yolo_msgs/yolo_msgs/msg/detail/key_point2_d_array__rosidl_typesupport_fastrtps_cpp.hpp\n'}
[0.890125] (yolo_msgs) StdoutLine: {'line': b'-- Up-to-date symlink: /home/aleksantari/ros2_snake_ws/install/yolo_msgs/include/yolo_msgs/yolo_msgs/msg/detail/key_point3_d__rosidl_typesupport_fastrtps_cpp.hpp\n'}
[0.890266] (yolo_msgs) StdoutLine: {'line': b'-- Up-to-date symlink: /home/aleksantari/ros2_snake_ws/install/yolo_msgs/include/yolo_msgs/yolo_msgs/msg/detail/key_point3_d_array__rosidl_typesupport_fastrtps_cpp.hpp\n'}
[0.890404] (yolo_msgs) StdoutLine: {'line': b'-- Up-to-date symlink: /home/aleksantari/ros2_snake_ws/install/yolo_msgs/include/yolo_msgs/yolo_msgs/msg/detail/mask__rosidl_typesupport_fastrtps_cpp.hpp\n'}
[0.890543] (yolo_msgs) StdoutLine: {'line': b'-- Up-to-date symlink: /home/aleksantari/ros2_snake_ws/install/yolo_msgs/include/yolo_msgs/yolo_msgs/msg/detail/point2_d__rosidl_typesupport_fastrtps_cpp.hpp\n'}
[0.890681] (yolo_msgs) StdoutLine: {'line': b'-- Up-to-date symlink: /home/aleksantari/ros2_snake_ws/install/yolo_msgs/include/yolo_msgs/yolo_msgs/msg/detail/pose2_d__rosidl_typesupport_fastrtps_cpp.hpp\n'}
[0.890816] (yolo_msgs) StdoutLine: {'line': b'-- Up-to-date symlink: /home/aleksantari/ros2_snake_ws/install/yolo_msgs/include/yolo_msgs/yolo_msgs/msg/detail/vector2__rosidl_typesupport_fastrtps_cpp.hpp\n'}
[0.890957] (yolo_msgs) StdoutLine: {'line': b'-- Up-to-date symlink: /home/aleksantari/ros2_snake_ws/install/yolo_msgs/include/yolo_msgs/yolo_msgs/msg/rosidl_typesupport_fastrtps_cpp__visibility_control.h\n'}
[0.891092] (yolo_msgs) StdoutLine: {'line': b'-- Up-to-date symlink: /home/aleksantari/ros2_snake_ws/install/yolo_msgs/include/yolo_msgs/yolo_msgs/srv/detail/set_classes__rosidl_typesupport_fastrtps_cpp.hpp\n'}
[0.891510] (yolo_msgs) StdoutLine: {'line': b'-- Up-to-date symlink: /home/aleksantari/ros2_snake_ws/install/yolo_msgs/include/yolo_msgs/yolo_msgs/msg/detail/bounding_box2_d__rosidl_typesupport_introspection_cpp.hpp\n'}
[0.891655] (yolo_msgs) StdoutLine: {'line': b'-- Up-to-date symlink: /home/aleksantari/ros2_snake_ws/install/yolo_msgs/include/yolo_msgs/yolo_msgs/msg/detail/bounding_box3_d__rosidl_typesupport_introspection_cpp.hpp\n'}
[0.891796] (yolo_msgs) StdoutLine: {'line': b'-- Up-to-date symlink: /home/aleksantari/ros2_snake_ws/install/yolo_msgs/include/yolo_msgs/yolo_msgs/msg/detail/detection__rosidl_typesupport_introspection_cpp.hpp\n'}
[0.891930] (yolo_msgs) StdoutLine: {'line': b'-- Up-to-date symlink: /home/aleksantari/ros2_snake_ws/install/yolo_msgs/include/yolo_msgs/yolo_msgs/msg/detail/detection_array__rosidl_typesupport_introspection_cpp.hpp\n'}
[0.892095] (yolo_msgs) StdoutLine: {'line': b'-- Up-to-date symlink: /home/aleksantari/ros2_snake_ws/install/yolo_msgs/include/yolo_msgs/yolo_msgs/msg/detail/key_point2_d__rosidl_typesupport_introspection_cpp.hpp\n'}
[0.892235] (yolo_msgs) StdoutLine: {'line': b'-- Up-to-date symlink: /home/aleksantari/ros2_snake_ws/install/yolo_msgs/include/yolo_msgs/yolo_msgs/msg/detail/key_point2_d_array__rosidl_typesupport_introspection_cpp.hpp\n'}
[0.892393] (yolo_msgs) StdoutLine: {'line': b'-- Up-to-date symlink: /home/aleksantari/ros2_snake_ws/install/yolo_msgs/include/yolo_msgs/yolo_msgs/msg/detail/key_point3_d__rosidl_typesupport_introspection_cpp.hpp\n'}
[0.892524] (yolo_msgs) StdoutLine: {'line': b'-- Up-to-date symlink: /home/aleksantari/ros2_snake_ws/install/yolo_msgs/include/yolo_msgs/yolo_msgs/msg/detail/key_point3_d_array__rosidl_typesupport_introspection_cpp.hpp\n'}
[0.892655] (yolo_msgs) StdoutLine: {'line': b'-- Up-to-date symlink: /home/aleksantari/ros2_snake_ws/install/yolo_msgs/include/yolo_msgs/yolo_msgs/msg/detail/mask__rosidl_typesupport_introspection_cpp.hpp\n'}
[0.892792] (yolo_msgs) StdoutLine: {'line': b'-- Up-to-date symlink: /home/aleksantari/ros2_snake_ws/install/yolo_msgs/include/yolo_msgs/yolo_msgs/msg/detail/point2_d__rosidl_typesupport_introspection_cpp.hpp\n'}
[0.892927] (yolo_msgs) StdoutLine: {'line': b'-- Up-to-date symlink: /home/aleksantari/ros2_snake_ws/install/yolo_msgs/include/yolo_msgs/yolo_msgs/msg/detail/pose2_d__rosidl_typesupport_introspection_cpp.hpp\n'}
[0.893089] (yolo_msgs) StdoutLine: {'line': b'-- Up-to-date symlink: /home/aleksantari/ros2_snake_ws/install/yolo_msgs/include/yolo_msgs/yolo_msgs/msg/detail/vector2__rosidl_typesupport_introspection_cpp.hpp\n'}
[0.893224] (yolo_msgs) StdoutLine: {'line': b'-- Up-to-date symlink: /home/aleksantari/ros2_snake_ws/install/yolo_msgs/include/yolo_msgs/yolo_msgs/srv/detail/set_classes__rosidl_typesupport_introspection_cpp.hpp\n'}
[0.893394] (yolo_msgs) StdoutLine: {'line': b'-- Up-to-date symlink: /home/aleksantari/ros2_snake_ws/install/yolo_msgs/share/yolo_msgs/environment/pythonpath.sh\n'}
[0.893557] (yolo_msgs) StdoutLine: {'line': b'-- Up-to-date symlink: /home/aleksantari/ros2_snake_ws/install/yolo_msgs/share/yolo_msgs/environment/pythonpath.dsv\n'}
[0.893774] (yolo_msgs) StdoutLine: {'line': b'-- Up-to-date symlink: /home/aleksantari/ros2_snake_ws/install/yolo_msgs/local/lib/python3.10/dist-packages/yolo_msgs-4.2.0-py3.10.egg-info/PKG-INFO\n'}
[0.893969] (yolo_msgs) StdoutLine: {'line': b'-- Up-to-date symlink: /home/aleksantari/ros2_snake_ws/install/yolo_msgs/local/lib/python3.10/dist-packages/yolo_msgs-4.2.0-py3.10.egg-info/SOURCES.txt\n'}
[0.894107] (yolo_msgs) StdoutLine: {'line': b'-- Up-to-date symlink: /home/aleksantari/ros2_snake_ws/install/yolo_msgs/local/lib/python3.10/dist-packages/yolo_msgs-4.2.0-py3.10.egg-info/dependency_links.txt\n'}
[0.894242] (yolo_msgs) StdoutLine: {'line': b'-- Up-to-date symlink: /home/aleksantari/ros2_snake_ws/install/yolo_msgs/local/lib/python3.10/dist-packages/yolo_msgs-4.2.0-py3.10.egg-info/top_level.txt\n'}
[0.894842] (yolo_msgs) StdoutLine: {'line': b'-- Up-to-date symlink: /home/aleksantari/ros2_snake_ws/install/yolo_msgs/local/lib/python3.10/dist-packages/yolo_msgs/__init__.py\n'}
[0.895036] (yolo_msgs) StdoutLine: {'line': b'-- Up-to-date symlink: /home/aleksantari/ros2_snake_ws/install/yolo_msgs/local/lib/python3.10/dist-packages/yolo_msgs/_yolo_msgs_s.ep.rosidl_typesupport_c.c\n'}
[0.895212] (yolo_msgs) StdoutLine: {'line': b'-- Up-to-date symlink: /home/aleksantari/ros2_snake_ws/install/yolo_msgs/local/lib/python3.10/dist-packages/yolo_msgs/_yolo_msgs_s.ep.rosidl_typesupport_fastrtps_c.c\n'}
[0.895361] (yolo_msgs) StdoutLine: {'line': b'-- Up-to-date symlink: /home/aleksantari/ros2_snake_ws/install/yolo_msgs/local/lib/python3.10/dist-packages/yolo_msgs/_yolo_msgs_s.ep.rosidl_typesupport_introspection_c.c\n'}
[0.895550] (yolo_msgs) StdoutLine: {'line': b'-- Up-to-date symlink: /home/aleksantari/ros2_snake_ws/install/yolo_msgs/local/lib/python3.10/dist-packages/yolo_msgs/libyolo_msgs__rosidl_generator_py.so\n'}
[0.895677] (yolo_msgs) StdoutLine: {'line': b'-- Up-to-date symlink: /home/aleksantari/ros2_snake_ws/install/yolo_msgs/local/lib/python3.10/dist-packages/yolo_msgs/msg/__init__.py\n'}
[0.895798] (yolo_msgs) StdoutLine: {'line': b'-- Up-to-date symlink: /home/aleksantari/ros2_snake_ws/install/yolo_msgs/local/lib/python3.10/dist-packages/yolo_msgs/msg/_bounding_box2_d.py\n'}
[0.895927] (yolo_msgs) StdoutLine: {'line': b'-- Up-to-date symlink: /home/aleksantari/ros2_snake_ws/install/yolo_msgs/local/lib/python3.10/dist-packages/yolo_msgs/msg/_bounding_box2_d_s.c\n'}
[0.896040] (yolo_msgs) StdoutLine: {'line': b'-- Up-to-date symlink: /home/aleksantari/ros2_snake_ws/install/yolo_msgs/local/lib/python3.10/dist-packages/yolo_msgs/msg/_bounding_box3_d.py\n'}
[0.896175] (yolo_msgs) StdoutLine: {'line': b'-- Up-to-date symlink: /home/aleksantari/ros2_snake_ws/install/yolo_msgs/local/lib/python3.10/dist-packages/yolo_msgs/msg/_bounding_box3_d_s.c\n'}
[0.896282] (yolo_msgs) StdoutLine: {'line': b'-- Up-to-date symlink: /home/aleksantari/ros2_snake_ws/install/yolo_msgs/local/lib/python3.10/dist-packages/yolo_msgs/msg/_detection.py\n'}
[0.896384] (yolo_msgs) StdoutLine: {'line': b'-- Up-to-date symlink: /home/aleksantari/ros2_snake_ws/install/yolo_msgs/local/lib/python3.10/dist-packages/yolo_msgs/msg/_detection_array.py\n'}
[0.896487] (yolo_msgs) StdoutLine: {'line': b'-- Up-to-date symlink: /home/aleksantari/ros2_snake_ws/install/yolo_msgs/local/lib/python3.10/dist-packages/yolo_msgs/msg/_detection_array_s.c\n'}
[0.896603] (yolo_msgs) StdoutLine: {'line': b'-- Up-to-date symlink: /home/aleksantari/ros2_snake_ws/install/yolo_msgs/local/lib/python3.10/dist-packages/yolo_msgs/msg/_detection_s.c\n'}
[0.896704] (yolo_msgs) StdoutLine: {'line': b'-- Up-to-date symlink: /home/aleksantari/ros2_snake_ws/install/yolo_msgs/local/lib/python3.10/dist-packages/yolo_msgs/msg/_key_point2_d.py\n'}
[0.896801] (yolo_msgs) StdoutLine: {'line': b'-- Up-to-date symlink: /home/aleksantari/ros2_snake_ws/install/yolo_msgs/local/lib/python3.10/dist-packages/yolo_msgs/msg/_key_point2_d_array.py\n'}
[0.896920] (yolo_msgs) StdoutLine: {'line': b'-- Up-to-date symlink: /home/aleksantari/ros2_snake_ws/install/yolo_msgs/local/lib/python3.10/dist-packages/yolo_msgs/msg/_key_point2_d_array_s.c\n'}
[0.897036] (yolo_msgs) StdoutLine: {'line': b'-- Up-to-date symlink: /home/aleksantari/ros2_snake_ws/install/yolo_msgs/local/lib/python3.10/dist-packages/yolo_msgs/msg/_key_point2_d_s.c\n'}
[0.897132] (yolo_msgs) StdoutLine: {'line': b'-- Up-to-date symlink: /home/aleksantari/ros2_snake_ws/install/yolo_msgs/local/lib/python3.10/dist-packages/yolo_msgs/msg/_key_point3_d.py\n'}
[0.897241] (yolo_msgs) StdoutLine: {'line': b'-- Up-to-date symlink: /home/aleksantari/ros2_snake_ws/install/yolo_msgs/local/lib/python3.10/dist-packages/yolo_msgs/msg/_key_point3_d_array.py\n'}
[0.897336] (yolo_msgs) StdoutLine: {'line': b'-- Up-to-date symlink: /home/aleksantari/ros2_snake_ws/install/yolo_msgs/local/lib/python3.10/dist-packages/yolo_msgs/msg/_key_point3_d_array_s.c\n'}
[0.897444] (yolo_msgs) StdoutLine: {'line': b'-- Up-to-date symlink: /home/aleksantari/ros2_snake_ws/install/yolo_msgs/local/lib/python3.10/dist-packages/yolo_msgs/msg/_key_point3_d_s.c\n'}
[0.897545] (yolo_msgs) StdoutLine: {'line': b'-- Up-to-date symlink: /home/aleksantari/ros2_snake_ws/install/yolo_msgs/local/lib/python3.10/dist-packages/yolo_msgs/msg/_mask.py\n'}
[0.897669] (yolo_msgs) StdoutLine: {'line': b'-- Up-to-date symlink: /home/aleksantari/ros2_snake_ws/install/yolo_msgs/local/lib/python3.10/dist-packages/yolo_msgs/msg/_mask_s.c\n'}
[0.897776] (yolo_msgs) StdoutLine: {'line': b'-- Up-to-date symlink: /home/aleksantari/ros2_snake_ws/install/yolo_msgs/local/lib/python3.10/dist-packages/yolo_msgs/msg/_point2_d.py\n'}
[0.897877] (yolo_msgs) StdoutLine: {'line': b'-- Up-to-date symlink: /home/aleksantari/ros2_snake_ws/install/yolo_msgs/local/lib/python3.10/dist-packages/yolo_msgs/msg/_point2_d_s.c\n'}
[0.897979] (yolo_msgs) StdoutLine: {'line': b'-- Up-to-date symlink: /home/aleksantari/ros2_snake_ws/install/yolo_msgs/local/lib/python3.10/dist-packages/yolo_msgs/msg/_pose2_d.py\n'}
[0.898082] (yolo_msgs) StdoutLine: {'line': b'-- Up-to-date symlink: /home/aleksantari/ros2_snake_ws/install/yolo_msgs/local/lib/python3.10/dist-packages/yolo_msgs/msg/_pose2_d_s.c\n'}
[0.898187] (yolo_msgs) StdoutLine: {'line': b'-- Up-to-date symlink: /home/aleksantari/ros2_snake_ws/install/yolo_msgs/local/lib/python3.10/dist-packages/yolo_msgs/msg/_vector2.py\n'}
[0.898289] (yolo_msgs) StdoutLine: {'line': b'-- Up-to-date symlink: /home/aleksantari/ros2_snake_ws/install/yolo_msgs/local/lib/python3.10/dist-packages/yolo_msgs/msg/_vector2_s.c\n'}
[0.898386] (yolo_msgs) StdoutLine: {'line': b'-- Up-to-date symlink: /home/aleksantari/ros2_snake_ws/install/yolo_msgs/local/lib/python3.10/dist-packages/yolo_msgs/srv/__init__.py\n'}
[0.898488] (yolo_msgs) StdoutLine: {'line': b'-- Up-to-date symlink: /home/aleksantari/ros2_snake_ws/install/yolo_msgs/local/lib/python3.10/dist-packages/yolo_msgs/srv/_set_classes.py\n'}
[0.898612] (yolo_msgs) StdoutLine: {'line': b'-- Up-to-date symlink: /home/aleksantari/ros2_snake_ws/install/yolo_msgs/local/lib/python3.10/dist-packages/yolo_msgs/srv/_set_classes_s.c\n'}
[0.898942] (yolo_msgs) StdoutLine: {'line': b'-- Up-to-date symlink: /home/aleksantari/ros2_snake_ws/install/yolo_msgs/local/lib/python3.10/dist-packages/yolo_msgs/yolo_msgs_s__rosidl_typesupport_c.cpython-310-aarch64-linux-gnu.so\n'}
[0.899217] (yolo_msgs) StdoutLine: {'line': b'-- Up-to-date symlink: /home/aleksantari/ros2_snake_ws/install/yolo_msgs/local/lib/python3.10/dist-packages/yolo_msgs/yolo_msgs_s__rosidl_typesupport_fastrtps_c.cpython-310-aarch64-linux-gnu.so\n'}
[0.899351] (yolo_msgs) StdoutLine: {'line': b'-- Up-to-date symlink: /home/aleksantari/ros2_snake_ws/install/yolo_msgs/local/lib/python3.10/dist-packages/yolo_msgs/yolo_msgs_s__rosidl_typesupport_introspection_c.cpython-310-aarch64-linux-gnu.so\n'}
[0.899634] (yolo_msgs) StdoutLine: {'line': b'-- Up-to-date symlink: /home/aleksantari/ros2_snake_ws/install/yolo_msgs/local/lib/python3.10/dist-packages/yolo_msgs/yolo_msgs_s__rosidl_typesupport_fastrtps_c.cpython-310-aarch64-linux-gnu.so\n'}
[0.899913] (yolo_msgs) StdoutLine: {'line': b'-- Up-to-date symlink: /home/aleksantari/ros2_snake_ws/install/yolo_msgs/local/lib/python3.10/dist-packages/yolo_msgs/yolo_msgs_s__rosidl_typesupport_introspection_c.cpython-310-aarch64-linux-gnu.so\n'}
[0.900095] (yolo_msgs) StdoutLine: {'line': b'-- Up-to-date symlink: /home/aleksantari/ros2_snake_ws/install/yolo_msgs/local/lib/python3.10/dist-packages/yolo_msgs/yolo_msgs_s__rosidl_typesupport_c.cpython-310-aarch64-linux-gnu.so\n'}
[0.900280] (yolo_msgs) StdoutLine: {'line': b'-- Up-to-date symlink: /home/aleksantari/ros2_snake_ws/install/yolo_msgs/share/yolo_msgs/msg/Point2D.idl\n'}
[0.900499] (yolo_msgs) StdoutLine: {'line': b'-- Up-to-date symlink: /home/aleksantari/ros2_snake_ws/install/yolo_msgs/share/yolo_msgs/msg/Vector2.idl\n'}
[0.900687] (yolo_msgs) StdoutLine: {'line': b'-- Up-to-date symlink: /home/aleksantari/ros2_snake_ws/install/yolo_msgs/share/yolo_msgs/msg/Pose2D.idl\n'}
[0.900814] (-) TimerEvent: {}
[0.900939] (yolo_msgs) StdoutLine: {'line': b'-- Up-to-date symlink: /home/aleksantari/ros2_snake_ws/install/yolo_msgs/share/yolo_msgs/msg/BoundingBox2D.idl\n'}
[0.901165] (yolo_msgs) StdoutLine: {'line': b'-- Up-to-date symlink: /home/aleksantari/ros2_snake_ws/install/yolo_msgs/share/yolo_msgs/msg/BoundingBox3D.idl\n'}
[0.901360] (yolo_msgs) StdoutLine: {'line': b'-- Up-to-date symlink: /home/aleksantari/ros2_snake_ws/install/yolo_msgs/share/yolo_msgs/msg/Mask.idl\n'}
[0.901646] (yolo_msgs) StdoutLine: {'line': b'-- Up-to-date symlink: /home/aleksantari/ros2_snake_ws/install/yolo_msgs/share/yolo_msgs/msg/KeyPoint2D.idl\n'}
[0.901900] (yolo_msgs) StdoutLine: {'line': b'-- Up-to-date symlink: /home/aleksantari/ros2_snake_ws/install/yolo_msgs/share/yolo_msgs/msg/KeyPoint2DArray.idl\n'}
[0.902129] (yolo_msgs) StdoutLine: {'line': b'-- Up-to-date symlink: /home/aleksantari/ros2_snake_ws/install/yolo_msgs/share/yolo_msgs/msg/KeyPoint3D.idl\n'}
[0.902284] (yolo_msgs) StdoutLine: {'line': b'-- Up-to-date symlink: /home/aleksantari/ros2_snake_ws/install/yolo_msgs/share/yolo_msgs/msg/KeyPoint3DArray.idl\n'}
[0.902464] (yolo_msgs) StdoutLine: {'line': b'-- Up-to-date symlink: /home/aleksantari/ros2_snake_ws/install/yolo_msgs/share/yolo_msgs/msg/Detection.idl\n'}
[0.902651] (yolo_msgs) StdoutLine: {'line': b'-- Up-to-date symlink: /home/aleksantari/ros2_snake_ws/install/yolo_msgs/share/yolo_msgs/msg/DetectionArray.idl\n'}
[0.902812] (yolo_msgs) StdoutLine: {'line': b'-- Up-to-date symlink: /home/aleksantari/ros2_snake_ws/install/yolo_msgs/share/yolo_msgs/srv/SetClasses.idl\n'}
[0.902986] (yolo_msgs) StdoutLine: {'line': b'-- Up-to-date symlink: /home/aleksantari/ros2_snake_ws/install/yolo_msgs/share/yolo_msgs/msg/Point2D.msg\n'}
[0.903169] (yolo_msgs) StdoutLine: {'line': b'-- Up-to-date symlink: /home/aleksantari/ros2_snake_ws/install/yolo_msgs/share/yolo_msgs/msg/Vector2.msg\n'}
[0.903321] (yolo_msgs) StdoutLine: {'line': b'-- Up-to-date symlink: /home/aleksantari/ros2_snake_ws/install/yolo_msgs/share/yolo_msgs/msg/Pose2D.msg\n'}
[0.903484] (yolo_msgs) StdoutLine: {'line': b'-- Up-to-date symlink: /home/aleksantari/ros2_snake_ws/install/yolo_msgs/share/yolo_msgs/msg/BoundingBox2D.msg\n'}
[0.903635] (yolo_msgs) StdoutLine: {'line': b'-- Up-to-date symlink: /home/aleksantari/ros2_snake_ws/install/yolo_msgs/share/yolo_msgs/msg/BoundingBox3D.msg\n'}
[0.903796] (yolo_msgs) StdoutLine: {'line': b'-- Up-to-date symlink: /home/aleksantari/ros2_snake_ws/install/yolo_msgs/share/yolo_msgs/msg/Mask.msg\n'}
[0.903948] (yolo_msgs) StdoutLine: {'line': b'-- Up-to-date symlink: /home/aleksantari/ros2_snake_ws/install/yolo_msgs/share/yolo_msgs/msg/KeyPoint2D.msg\n'}
[0.904134] (yolo_msgs) StdoutLine: {'line': b'-- Up-to-date symlink: /home/aleksantari/ros2_snake_ws/install/yolo_msgs/share/yolo_msgs/msg/KeyPoint2DArray.msg\n'}
[0.904351] (yolo_msgs) StdoutLine: {'line': b'-- Up-to-date symlink: /home/aleksantari/ros2_snake_ws/install/yolo_msgs/share/yolo_msgs/msg/KeyPoint3D.msg\n'}
[0.904526] (yolo_msgs) StdoutLine: {'line': b'-- Up-to-date symlink: /home/aleksantari/ros2_snake_ws/install/yolo_msgs/share/yolo_msgs/msg/KeyPoint3DArray.msg\n'}
[0.904693] (yolo_msgs) StdoutLine: {'line': b'-- Up-to-date symlink: /home/aleksantari/ros2_snake_ws/install/yolo_msgs/share/yolo_msgs/msg/Detection.msg\n'}
[0.904846] (yolo_msgs) StdoutLine: {'line': b'-- Up-to-date symlink: /home/aleksantari/ros2_snake_ws/install/yolo_msgs/share/yolo_msgs/msg/DetectionArray.msg\n'}
[0.905002] (yolo_msgs) StdoutLine: {'line': b'-- Up-to-date symlink: /home/aleksantari/ros2_snake_ws/install/yolo_msgs/share/yolo_msgs/srv/SetClasses.srv\n'}
[0.905185] (yolo_msgs) StdoutLine: {'line': b'-- Up-to-date symlink: /home/aleksantari/ros2_snake_ws/install/yolo_msgs/share/yolo_msgs/srv/SetClasses_Request.msg\n'}
[0.905343] (yolo_msgs) StdoutLine: {'line': b'-- Up-to-date symlink: /home/aleksantari/ros2_snake_ws/install/yolo_msgs/share/yolo_msgs/srv/SetClasses_Response.msg\n'}
[0.905481] (yolo_msgs) StdoutLine: {'line': b'-- Up-to-date symlink: /home/aleksantari/ros2_snake_ws/install/yolo_msgs/share/ament_index/resource_index/package_run_dependencies/yolo_msgs\n'}
[0.905669] (yolo_msgs) StdoutLine: {'line': b'-- Up-to-date symlink: /home/aleksantari/ros2_snake_ws/install/yolo_msgs/share/ament_index/resource_index/parent_prefix_path/yolo_msgs\n'}
[0.905896] (yolo_msgs) StdoutLine: {'line': b'-- Up-to-date symlink: /home/aleksantari/ros2_snake_ws/install/yolo_msgs/share/yolo_msgs/environment/ament_prefix_path.sh\n'}
[0.906070] (yolo_msgs) StdoutLine: {'line': b'-- Up-to-date symlink: /home/aleksantari/ros2_snake_ws/install/yolo_msgs/share/yolo_msgs/environment/ament_prefix_path.dsv\n'}
[0.906230] (yolo_msgs) StdoutLine: {'line': b'-- Up-to-date symlink: /home/aleksantari/ros2_snake_ws/install/yolo_msgs/share/yolo_msgs/environment/path.sh\n'}
[0.906632] (yolo_msgs) StdoutLine: {'line': b'-- Up-to-date symlink: /home/aleksantari/ros2_snake_ws/install/yolo_msgs/share/yolo_msgs/environment/path.dsv\n'}
[0.906925] (yolo_msgs) StdoutLine: {'line': b'-- Up-to-date symlink: /home/aleksantari/ros2_snake_ws/install/yolo_msgs/share/yolo_msgs/local_setup.bash\n'}
[0.907173] (yolo_msgs) StdoutLine: {'line': b'-- Up-to-date symlink: /home/aleksantari/ros2_snake_ws/install/yolo_msgs/share/yolo_msgs/local_setup.sh\n'}
[0.907444] (yolo_msgs) StdoutLine: {'line': b'-- Up-to-date symlink: /home/aleksantari/ros2_snake_ws/install/yolo_msgs/share/yolo_msgs/local_setup.zsh\n'}
[0.907645] (yolo_msgs) StdoutLine: {'line': b'-- Up-to-date symlink: /home/aleksantari/ros2_snake_ws/install/yolo_msgs/share/yolo_msgs/local_setup.dsv\n'}
[0.907763] (yolo_msgs) StdoutLine: {'line': b'-- Symlinking: /home/aleksantari/ros2_snake_ws/install/yolo_msgs/share/yolo_msgs/package.dsv\n'}
[0.961380] (yolo_msgs) StdoutLine: {'line': b'-- Up-to-date symlink: /home/aleksantari/ros2_snake_ws/install/yolo_msgs/share/ament_index/resource_index/packages/yolo_msgs\n'}
[0.961678] (yolo_msgs) StdoutLine: {'line': b'-- Up-to-date symlink: /home/aleksantari/ros2_snake_ws/install/yolo_msgs/share/yolo_msgs/cmake/rosidl_cmake-extras.cmake\n'}
[0.961918] (yolo_msgs) StdoutLine: {'line': b'-- Up-to-date symlink: /home/aleksantari/ros2_snake_ws/install/yolo_msgs/share/yolo_msgs/cmake/ament_cmake_export_dependencies-extras.cmake\n'}
[0.962171] (yolo_msgs) StdoutLine: {'line': b'-- Up-to-date symlink: /home/aleksantari/ros2_snake_ws/install/yolo_msgs/share/yolo_msgs/cmake/ament_cmake_export_include_directories-extras.cmake\n'}
[0.962399] (yolo_msgs) StdoutLine: {'line': b'-- Up-to-date symlink: /home/aleksantari/ros2_snake_ws/install/yolo_msgs/share/yolo_msgs/cmake/ament_cmake_export_libraries-extras.cmake\n'}
[0.962730] (yolo_msgs) StdoutLine: {'line': b'-- Up-to-date symlink: /home/aleksantari/ros2_snake_ws/install/yolo_msgs/share/yolo_msgs/cmake/ament_cmake_export_targets-extras.cmake\n'}
[0.962958] (yolo_msgs) StdoutLine: {'line': b'-- Up-to-date symlink: /home/aleksantari/ros2_snake_ws/install/yolo_msgs/share/yolo_msgs/cmake/rosidl_cmake_export_typesupport_targets-extras.cmake\n'}
[0.963145] (yolo_msgs) StdoutLine: {'line': b'-- Up-to-date symlink: /home/aleksantari/ros2_snake_ws/install/yolo_msgs/share/yolo_msgs/cmake/rosidl_cmake_export_typesupport_libraries-extras.cmake\n'}
[0.963339] (yolo_msgs) StdoutLine: {'line': b'-- Up-to-date symlink: /home/aleksantari/ros2_snake_ws/install/yolo_msgs/share/yolo_msgs/cmake/yolo_msgsConfig.cmake\n'}
[0.963501] (yolo_msgs) StdoutLine: {'line': b'-- Up-to-date symlink: /home/aleksantari/ros2_snake_ws/install/yolo_msgs/share/yolo_msgs/cmake/yolo_msgsConfig-version.cmake\n'}
[0.963715] (yolo_msgs) StdoutLine: {'line': b'-- Up-to-date symlink: /home/aleksantari/ros2_snake_ws/install/yolo_msgs/share/yolo_msgs/package.xml\n'}
[0.964642] (yolo_msgs) StdoutLine: {'line': b'-- Up-to-date: /home/aleksantari/ros2_snake_ws/install/yolo_msgs/lib/libyolo_msgs__rosidl_generator_c.so\n'}
[0.965304] (yolo_msgs) StdoutLine: {'line': b'-- Up-to-date: /home/aleksantari/ros2_snake_ws/install/yolo_msgs/lib/libyolo_msgs__rosidl_typesupport_fastrtps_c.so\n'}
[0.966252] (yolo_msgs) StdoutLine: {'line': b'-- Up-to-date: /home/aleksantari/ros2_snake_ws/install/yolo_msgs/lib/libyolo_msgs__rosidl_typesupport_introspection_c.so\n'}
[0.966821] (yolo_msgs) StdoutLine: {'line': b'-- Up-to-date: /home/aleksantari/ros2_snake_ws/install/yolo_msgs/lib/libyolo_msgs__rosidl_typesupport_c.so\n'}
[0.967683] (yolo_msgs) StdoutLine: {'line': b'-- Up-to-date: /home/aleksantari/ros2_snake_ws/install/yolo_msgs/lib/libyolo_msgs__rosidl_typesupport_fastrtps_cpp.so\n'}
[0.968426] (yolo_msgs) StdoutLine: {'line': b'-- Up-to-date: /home/aleksantari/ros2_snake_ws/install/yolo_msgs/lib/libyolo_msgs__rosidl_typesupport_introspection_cpp.so\n'}
[0.968961] (yolo_msgs) StdoutLine: {'line': b'-- Up-to-date: /home/aleksantari/ros2_snake_ws/install/yolo_msgs/lib/libyolo_msgs__rosidl_typesupport_cpp.so\n'}
[0.991573] (yolo_msgs) StdoutLine: {'line': b"Listing '/home/aleksantari/ros2_snake_ws/install/yolo_msgs/local/lib/python3.10/dist-packages/yolo_msgs'...\n"}
[0.991678] (yolo_msgs) StdoutLine: {'line': b"Listing '/home/aleksantari/ros2_snake_ws/install/yolo_msgs/local/lib/python3.10/dist-packages/yolo_msgs/msg'...\n"}
[0.991711] (yolo_msgs) StdoutLine: {'line': b"Listing '/home/aleksantari/ros2_snake_ws/install/yolo_msgs/local/lib/python3.10/dist-packages/yolo_msgs/srv'...\n"}
[0.995352] (yolo_msgs) StdoutLine: {'line': b'-- Up-to-date: /home/aleksantari/ros2_snake_ws/install/yolo_msgs/lib/libyolo_msgs__rosidl_generator_py.so\n'}
[0.995638] (yolo_msgs) StdoutLine: {'line': b'-- Up-to-date: /home/aleksantari/ros2_snake_ws/install/yolo_msgs/share/yolo_msgs/cmake/export_yolo_msgs__rosidl_generator_cExport.cmake\n'}
[0.995715] (yolo_msgs) StdoutLine: {'line': b'-- Up-to-date: /home/aleksantari/ros2_snake_ws/install/yolo_msgs/share/yolo_msgs/cmake/export_yolo_msgs__rosidl_generator_cExport-noconfig.cmake\n'}
[0.995921] (yolo_msgs) StdoutLine: {'line': b'-- Up-to-date: /home/aleksantari/ros2_snake_ws/install/yolo_msgs/share/yolo_msgs/cmake/export_yolo_msgs__rosidl_typesupport_fastrtps_cExport.cmake\n'}
[0.995981] (yolo_msgs) StdoutLine: {'line': b'-- Up-to-date: /home/aleksantari/ros2_snake_ws/install/yolo_msgs/share/yolo_msgs/cmake/export_yolo_msgs__rosidl_typesupport_fastrtps_cExport-noconfig.cmake\n'}
[0.996144] (yolo_msgs) StdoutLine: {'line': b'-- Up-to-date: /home/aleksantari/ros2_snake_ws/install/yolo_msgs/share/yolo_msgs/cmake/yolo_msgs__rosidl_typesupport_introspection_cExport.cmake\n'}
[0.996177] (yolo_msgs) StdoutLine: {'line': b'-- Up-to-date: /home/aleksantari/ros2_snake_ws/install/yolo_msgs/share/yolo_msgs/cmake/yolo_msgs__rosidl_typesupport_introspection_cExport-noconfig.cmake\n'}
[0.996496] (yolo_msgs) StdoutLine: {'line': b'-- Up-to-date: /home/aleksantari/ros2_snake_ws/install/yolo_msgs/share/yolo_msgs/cmake/yolo_msgs__rosidl_typesupport_cExport.cmake\n'}
[0.996537] (yolo_msgs) StdoutLine: {'line': b'-- Up-to-date: /home/aleksantari/ros2_snake_ws/install/yolo_msgs/share/yolo_msgs/cmake/yolo_msgs__rosidl_typesupport_cExport-noconfig.cmake\n'}
[0.996747] (yolo_msgs) StdoutLine: {'line': b'-- Up-to-date: /home/aleksantari/ros2_snake_ws/install/yolo_msgs/share/yolo_msgs/cmake/export_yolo_msgs__rosidl_generator_cppExport.cmake\n'}
[0.997131] (yolo_msgs) StdoutLine: {'line': b'-- Up-to-date: /home/aleksantari/ros2_snake_ws/install/yolo_msgs/share/yolo_msgs/cmake/export_yolo_msgs__rosidl_typesupport_fastrtps_cppExport.cmake\n'}
[0.997199] (yolo_msgs) StdoutLine: {'line': b'-- Up-to-date: /home/aleksantari/ros2_snake_ws/install/yolo_msgs/share/yolo_msgs/cmake/export_yolo_msgs__rosidl_typesupport_fastrtps_cppExport-noconfig.cmake\n'}
[0.997406] (yolo_msgs) StdoutLine: {'line': b'-- Up-to-date: /home/aleksantari/ros2_snake_ws/install/yolo_msgs/share/yolo_msgs/cmake/yolo_msgs__rosidl_typesupport_introspection_cppExport.cmake\n'}
[0.997458] (yolo_msgs) StdoutLine: {'line': b'-- Up-to-date: /home/aleksantari/ros2_snake_ws/install/yolo_msgs/share/yolo_msgs/cmake/yolo_msgs__rosidl_typesupport_introspection_cppExport-noconfig.cmake\n'}
[0.997663] (yolo_msgs) StdoutLine: {'line': b'-- Up-to-date: /home/aleksantari/ros2_snake_ws/install/yolo_msgs/share/yolo_msgs/cmake/yolo_msgs__rosidl_typesupport_cppExport.cmake\n'}
[0.997707] (yolo_msgs) StdoutLine: {'line': b'-- Up-to-date: /home/aleksantari/ros2_snake_ws/install/yolo_msgs/share/yolo_msgs/cmake/yolo_msgs__rosidl_typesupport_cppExport-noconfig.cmake\n'}
[0.997875] (yolo_msgs) StdoutLine: {'line': b'-- Up-to-date: /home/aleksantari/ros2_snake_ws/install/yolo_msgs/share/yolo_msgs/cmake/export_yolo_msgs__rosidl_generator_pyExport.cmake\n'}
[0.997908] (yolo_msgs) StdoutLine: {'line': b'-- Up-to-date: /home/aleksantari/ros2_snake_ws/install/yolo_msgs/share/yolo_msgs/cmake/export_yolo_msgs__rosidl_generator_pyExport-noconfig.cmake\n'}
[0.999600] (yolo_msgs) CommandEnded: {'returncode': 0}
[1.001011] (-) TimerEvent: {}
[1.042894] (yolo_msgs) JobEnded: {'identifier': 'yolo_msgs', 'rc': 0}
[1.043276] (yolo_ros) JobStarted: {'identifier': 'yolo_ros'}
[1.068729] (snake_segmentation) StdoutLine: {'line': b'running develop\n'}
[1.101247] (-) TimerEvent: {}
[1.180717] (snake_segmentation) StdoutLine: {'line': b'running egg_info\n'}
[1.180886] (snake_segmentation) StdoutLine: {'line': b'writing snake_segmentation.egg-info/PKG-INFO\n'}
[1.181146] (snake_segmentation) StdoutLine: {'line': b'writing dependency_links to snake_segmentation.egg-info/dependency_links.txt\n'}
[1.181308] (snake_segmentation) StdoutLine: {'line': b'writing entry points to snake_segmentation.egg-info/entry_points.txt\n'}
[1.181449] (snake_segmentation) StdoutLine: {'line': b'writing requirements to snake_segmentation.egg-info/requires.txt\n'}
[1.181558] (snake_segmentation) StdoutLine: {'line': b'writing top-level names to snake_segmentation.egg-info/top_level.txt\n'}
[1.182621] (snake_segmentation) StdoutLine: {'line': b"reading manifest file 'snake_segmentation.egg-info/SOURCES.txt'\n"}
[1.183032] (snake_segmentation) StdoutLine: {'line': b"writing manifest file 'snake_segmentation.egg-info/SOURCES.txt'\n"}
[1.183821] (snake_segmentation) StdoutLine: {'line': b'running build_ext\n'}
[1.183942] (snake_segmentation) StdoutLine: {'line': b'Creating /home/aleksantari/ros2_snake_ws/install/snake_segmentation/lib/python3.10/site-packages/snake-segmentation.egg-link (link to .)\n'}
[1.184422] (snake_segmentation) StdoutLine: {'line': b'Installing segmentation_node script to /home/aleksantari/ros2_snake_ws/install/snake_segmentation/lib/snake_segmentation\n'}
[1.184585] (snake_segmentation) StdoutLine: {'line': b'\n'}
[1.184630] (snake_segmentation) StdoutLine: {'line': b'Installed /home/aleksantari/ros2_snake_ws/build/snake_segmentation\n'}
[1.184669] (snake_segmentation) StdoutLine: {'line': b'running symlink_data\n'}
[1.201334] (-) TimerEvent: {}
[1.302068] (-) TimerEvent: {}
[1.364177] (snake_segmentation) CommandEnded: {'returncode': 0}
[1.365163] (snake_segmentation) JobEnded: {'identifier': 'snake_segmentation', 'rc': 0}
[1.402154] (-) TimerEvent: {}
[1.502539] (-) TimerEvent: {}
[1.602996] (-) TimerEvent: {}
[1.645487] (yolo_ros) Command: {'cmd': ['/usr/bin/python3', '-W', 'ignore:setup.py install is deprecated', '-W', 'ignore:easy_install command is deprecated', 'setup.py', 'develop', '--editable', '--build-directory', '/home/aleksantari/ros2_snake_ws/build/yolo_ros/build', '--no-deps', 'symlink_data'], 'cwd': '/home/aleksantari/ros2_snake_ws/build/yolo_ros', 'env': {'LESSOPEN': '| /usr/bin/lesspipe %s', 'USER': 'aleksantari', 'XDG_SESSION_TYPE': 'wayland', 'GIT_ASKPASS': '/usr/share/code/resources/app/extensions/git/dist/askpass.sh', 'SHLVL': '2', 'LD_LIBRARY_PATH': '/home/aleksantari/ros2_snake_ws/install/yolo_msgs/lib:/opt/ros/humble/opt/rviz_ogre_vendor/lib:/opt/ros/humble/lib/aarch64-linux-gnu:/opt/ros/humble/lib', 'HOME': '/home/aleksantari', 'CHROME_DESKTOP': 'code.desktop', 'OLDPWD': '/home/aleksantari/ros2_snake_ws/src', 'TERM_PROGRAM_VERSION': '1.99.2', 'DESKTOP_SESSION': 'ubuntu', 'ROS_PYTHON_VERSION': '3', 'GNOME_SHELL_SESSION_MODE': 'ubuntu', 'GTK_MODULES': 'gail:atk-bridge', 'VSCODE_GIT_ASKPASS_MAIN': '/usr/share/code/resources/app/extensions/git/dist/askpass-main.js', 'VSCODE_GIT_ASKPASS_NODE': '/usr/share/code/code', 'PYDEVD_DISABLE_FILE_VALIDATION': '1', 'SYSTEMD_EXEC_PID': '1656', 'BUNDLED_DEBUGPY_PATH': '/home/aleksantari/.vscode/extensions/ms-python.debugpy-2025.6.0-linux-arm64/bundled/libs/debugpy', 'DBUS_SESSION_BUS_ADDRESS': 'unix:path=/run/user/1000/bus', 'COLORTERM': 'truecolor', 'IM_CONFIG_PHASE': '1', 'WAYLAND_DISPLAY': 'wayland-0', 'COLCON_PREFIX_PATH': '/home/aleksantari/ros2_snake_ws/install', 'ROS_DISTRO': 'humble', 'LOGNAME': 'aleksantari', '_': '/usr/bin/colcon', 'ROS_VERSION': '2', 'XDG_SESSION_CLASS': 'user', 'USERNAME': 'aleksantari', 'TERM': 'xterm-256color', 'GNOME_DESKTOP_SESSION_ID': 'this-is-deprecated', 'ROS_LOCALHOST_ONLY': '0', 'PATH': '/home/aleksantari/.local/bin:/opt/ros/humble/bin:/home/aleksantari/.local/bin:/home/aleksantari/.local/bin:/usr/local/sbin:/usr/local/bin:/usr/sbin:/usr/bin:/sbin:/bin:/usr/games:/usr/local/games:/snap/bin:/snap/bin:/home/aleksantari/.vscode/extensions/ms-python.debugpy-2025.6.0-linux-arm64/bundled/scripts/noConfigScripts', 'SESSION_MANAGER': 'local/linux:@/tmp/.ICE-unix/1633,unix/linux:/tmp/.ICE-unix/1633', 'XDG_MENU_PREFIX': 'gnome-', 'GNOME_TERMINAL_SCREEN': '/org/gnome/Terminal/screen/b99b93a8_8355_4927_a43b_f72817671520', 'GNOME_SETUP_DISPLAY': ':1', 'XDG_RUNTIME_DIR': '/run/user/1000', 'GDK_BACKEND': 'x11', 'DISPLAY': ':0', 'VSCODE_DEBUGPY_ADAPTER_ENDPOINTS': '/home/aleksantari/.vscode/extensions/ms-python.debugpy-2025.6.0-linux-arm64/.noConfigDebugAdapterEndpoints/endpoint-6b7ff3644262e962.txt', 'LANG': 'en_US.UTF-8', 'XDG_CURRENT_DESKTOP': 'Unity', 'XMODIFIERS': '@im=ibus', 'XDG_SESSION_DESKTOP': 'ubuntu', 'XAUTHORITY': '/run/user/1000/.mutter-Xwaylandauth.BNH542', 'LS_COLORS': 'rs=0:di=01;34:ln=01;36:mh=00:pi=40;33:so=01;35:do=01;35:bd=40;33;01:cd=40;33;01:or=40;31;01:mi=00:su=37;41:sg=30;43:ca=30;41:tw=30;42:ow=34;42:st=37;44:ex=01;32:*.tar=01;31:*.tgz=01;31:*.arc=01;31:*.arj=01;31:*.taz=01;31:*.lha=01;31:*.lz4=01;31:*.lzh=01;31:*.lzma=01;31:*.tlz=01;31:*.txz=01;31:*.tzo=01;31:*.t7z=01;31:*.zip=01;31:*.z=01;31:*.dz=01;31:*.gz=01;31:*.lrz=01;31:*.lz=01;31:*.lzo=01;31:*.xz=01;31:*.zst=01;31:*.tzst=01;31:*.bz2=01;31:*.bz=01;31:*.tbz=01;31:*.tbz2=01;31:*.tz=01;31:*.deb=01;31:*.rpm=01;31:*.jar=01;31:*.war=01;31:*.ear=01;31:*.sar=01;31:*.rar=01;31:*.alz=01;31:*.ace=01;31:*.zoo=01;31:*.cpio=01;31:*.7z=01;31:*.rz=01;31:*.cab=01;31:*.wim=01;31:*.swm=01;31:*.dwm=01;31:*.esd=01;31:*.jpg=01;35:*.jpeg=01;35:*.mjpg=01;35:*.mjpeg=01;35:*.gif=01;35:*.bmp=01;35:*.pbm=01;35:*.pgm=01;35:*.ppm=01;35:*.tga=01;35:*.xbm=01;35:*.xpm=01;35:*.tif=01;35:*.tiff=01;35:*.png=01;35:*.svg=01;35:*.svgz=01;35:*.mng=01;35:*.pcx=01;35:*.mov=01;35:*.mpg=01;35:*.mpeg=01;35:*.m2v=01;35:*.mkv=01;35:*.webm=01;35:*.webp=01;35:*.ogm=01;35:*.mp4=01;35:*.m4v=01;35:*.mp4v=01;35:*.vob=01;35:*.qt=01;35:*.nuv=01;35:*.wmv=01;35:*.asf=01;35:*.rm=01;35:*.rmvb=01;35:*.flc=01;35:*.avi=01;35:*.fli=01;35:*.flv=01;35:*.gl=01;35:*.dl=01;35:*.xcf=01;35:*.xwd=01;35:*.yuv=01;35:*.cgm=01;35:*.emf=01;35:*.ogv=01;35:*.ogx=01;35:*.aac=00;36:*.au=00;36:*.flac=00;36:*.m4a=00;36:*.mid=00;36:*.midi=00;36:*.mka=00;36:*.mp3=00;36:*.mpc=00;36:*.ogg=00;36:*.ra=00;36:*.wav=00;36:*.oga=00;36:*.opus=00;36:*.spx=00;36:*.xspf=00;36:', 'VSCODE_GIT_IPC_HANDLE': '/run/user/1000/vscode-git-ad06424500.sock', 'GNOME_TERMINAL_SERVICE': ':1.113', 'TERM_PROGRAM': 'vscode', 'SSH_AGENT_LAUNCHER': 'gnome-keyring', 'SSH_AUTH_SOCK': '/run/user/1000/keyring/ssh', 'AMENT_PREFIX_PATH': '/home/aleksantari/ros2_snake_ws/install/yolo_bringup:/home/aleksantari/ros2_snake_ws/install/yolo_ros:/home/aleksantari/ros2_snake_ws/install/yolo_msgs:/home/aleksantari/ros2_snake_ws/install/snake_segmentation:/opt/ros/humble', 'ORIGINAL_XDG_CURRENT_DESKTOP': 'ubuntu:GNOME', 'SHELL': '/bin/bash', 'QT_ACCESSIBILITY': '1', 'GDMSESSION': 'ubuntu', 'LESSCLOSE': '/usr/bin/lesspipe %s %s', 'VSCODE_GIT_ASKPASS_EXTRA_ARGS': '', 'QT_IM_MODULE': 'ibus', 'PWD': '/home/aleksantari/ros2_snake_ws/build/yolo_ros', 'XDG_CONFIG_DIRS': '/etc/xdg/xdg-ubuntu:/etc/xdg', 'XDG_DATA_DIRS': '/usr/share/ubuntu:/usr/local/share/:/usr/share/:/var/lib/snapd/desktop', 'PYTHONPATH': '/home/aleksantari/ros2_snake_ws/build/yolo_ros/prefix_override:/usr/lib/python3/dist-packages/colcon_core/task/python/colcon_distutils_commands:/home/aleksantari/ros2_snake_ws/install/yolo_ros/lib/python3.10/site-packages:/home/aleksantari/ros2_snake_ws/build/yolo_ros:/home/aleksantari/ros2_snake_ws/install/yolo_ros/lib/python3.10/site-packages:/home/aleksantari/ros2_snake_ws/install/yolo_msgs/local/lib/python3.10/dist-packages:/home/aleksantari/ros2_snake_ws/build/snake_segmentation:/home/aleksantari/ros2_snake_ws/install/snake_segmentation/lib/python3.10/site-packages:/opt/ros/humble/lib/python3.10/site-packages:/opt/ros/humble/local/lib/python3.10/dist-packages', 'COLCON': '1', 'VTE_VERSION': '6800', 'CMAKE_PREFIX_PATH': '/home/aleksantari/ros2_snake_ws/install/yolo_msgs:/home/aleksantari/ros2_snake_ws/install/yolo_bringup'}, 'shell': False}
[1.703343] (-) TimerEvent: {}
[1.803780] (-) TimerEvent: {}
[1.809462] (yolo_ros) StdoutLine: {'line': b'running develop\n'}
[1.900356] (yolo_ros) StdoutLine: {'line': b'running egg_info\n'}
[1.900571] (yolo_ros) StdoutLine: {'line': b'writing yolo_ros.egg-info/PKG-INFO\n'}
[1.900869] (yolo_ros) StdoutLine: {'line': b'writing dependency_links to yolo_ros.egg-info/dependency_links.txt\n'}
[1.901038] (yolo_ros) StdoutLine: {'line': b'writing entry points to yolo_ros.egg-info/entry_points.txt\n'}
[1.901198] (yolo_ros) StdoutLine: {'line': b'writing requirements to yolo_ros.egg-info/requires.txt\n'}
[1.901320] (yolo_ros) StdoutLine: {'line': b'writing top-level names to yolo_ros.egg-info/top_level.txt\n'}
[1.902655] (yolo_ros) StdoutLine: {'line': b"reading manifest file 'yolo_ros.egg-info/SOURCES.txt'\n"}
[1.903245] (yolo_ros) StdoutLine: {'line': b"writing manifest file 'yolo_ros.egg-info/SOURCES.txt'\n"}
[1.903903] (-) TimerEvent: {}
[1.904238] (yolo_ros) StdoutLine: {'line': b'running build_ext\n'}
[1.904392] (yolo_ros) StdoutLine: {'line': b'Creating /home/aleksantari/ros2_snake_ws/install/yolo_ros/lib/python3.10/site-packages/yolo-ros.egg-link (link to .)\n'}
[1.904903] (yolo_ros) StdoutLine: {'line': b'Installing debug_node script to /home/aleksantari/ros2_snake_ws/install/yolo_ros/lib/yolo_ros\n'}
[1.905007] (yolo_ros) StdoutLine: {'line': b'Installing detect_3d_node script to /home/aleksantari/ros2_snake_ws/install/yolo_ros/lib/yolo_ros\n'}
[1.905092] (yolo_ros) StdoutLine: {'line': b'Installing tracking_node script to /home/aleksantari/ros2_snake_ws/install/yolo_ros/lib/yolo_ros\n'}
[1.905156] (yolo_ros) StdoutLine: {'line': b'Installing yolo_node script to /home/aleksantari/ros2_snake_ws/install/yolo_ros/lib/yolo_ros\n'}
[1.905253] (yolo_ros) StdoutLine: {'line': b'\n'}
[1.905317] (yolo_ros) StdoutLine: {'line': b'Installed /home/aleksantari/ros2_snake_ws/build/yolo_ros\n'}
[1.905363] (yolo_ros) StdoutLine: {'line': b'running symlink_data\n'}
[1.925296] (yolo_ros) CommandEnded: {'returncode': 0}
[1.927425] (yolo_ros) JobEnded: {'identifier': 'yolo_ros', 'rc': 0}
[1.927660] (yolo_bringup) JobStarted: {'identifier': 'yolo_bringup'}
[1.932193] (yolo_bringup) JobProgress: {'identifier': 'yolo_bringup', 'progress': 'cmake'}
[1.933264] (yolo_bringup) JobProgress: {'identifier': 'yolo_bringup', 'progress': 'build'}
[1.933396] (yolo_bringup) Command: {'cmd': ['/usr/bin/cmake', '--build', '/home/aleksantari/ros2_snake_ws/build/yolo_bringup', '--', '-j2', '-l2'], 'cwd': '/home/aleksantari/ros2_snake_ws/build/yolo_bringup', 'env': OrderedDict([('LESSOPEN', '| /usr/bin/lesspipe %s'), ('USER', 'aleksantari'), ('XDG_SESSION_TYPE', 'wayland'), ('GIT_ASKPASS', '/usr/share/code/resources/app/extensions/git/dist/askpass.sh'), ('SHLVL', '2'), ('LD_LIBRARY_PATH', '/home/aleksantari/ros2_snake_ws/install/yolo_msgs/lib:/opt/ros/humble/opt/rviz_ogre_vendor/lib:/opt/ros/humble/lib/aarch64-linux-gnu:/opt/ros/humble/lib'), ('HOME', '/home/aleksantari'), ('CHROME_DESKTOP', 'code.desktop'), ('OLDPWD', '/home/aleksantari/ros2_snake_ws/src'), ('TERM_PROGRAM_VERSION', '1.99.2'), ('DESKTOP_SESSION', 'ubuntu'), ('ROS_PYTHON_VERSION', '3'), ('GNOME_SHELL_SESSION_MODE', 'ubuntu'), ('GTK_MODULES', 'gail:atk-bridge'), ('VSCODE_GIT_ASKPASS_MAIN', '/usr/share/code/resources/app/extensions/git/dist/askpass-main.js'), ('VSCODE_GIT_ASKPASS_NODE', '/usr/share/code/code'), ('PYDEVD_DISABLE_FILE_VALIDATION', '1'), ('SYSTEMD_EXEC_PID', '1656'), ('BUNDLED_DEBUGPY_PATH', '/home/aleksantari/.vscode/extensions/ms-python.debugpy-2025.6.0-linux-arm64/bundled/libs/debugpy'), ('DBUS_SESSION_BUS_ADDRESS', 'unix:path=/run/user/1000/bus'), ('COLORTERM', 'truecolor'), ('IM_CONFIG_PHASE', '1'), ('WAYLAND_DISPLAY', 'wayland-0'), ('COLCON_PREFIX_PATH', '/home/aleksantari/ros2_snake_ws/install'), ('ROS_DISTRO', 'humble'), ('LOGNAME', 'aleksantari'), ('_', '/usr/bin/colcon'), ('ROS_VERSION', '2'), ('XDG_SESSION_CLASS', 'user'), ('USERNAME', 'aleksantari'), ('TERM', 'xterm-256color'), ('GNOME_DESKTOP_SESSION_ID', 'this-is-deprecated'), ('ROS_LOCALHOST_ONLY', '0'), ('PATH', '/home/aleksantari/.local/bin:/opt/ros/humble/bin:/home/aleksantari/.local/bin:/home/aleksantari/.local/bin:/usr/local/sbin:/usr/local/bin:/usr/sbin:/usr/bin:/sbin:/bin:/usr/games:/usr/local/games:/snap/bin:/snap/bin:/home/aleksantari/.vscode/extensions/ms-python.debugpy-2025.6.0-linux-arm64/bundled/scripts/noConfigScripts'), ('SESSION_MANAGER', 'local/linux:@/tmp/.ICE-unix/1633,unix/linux:/tmp/.ICE-unix/1633'), ('XDG_MENU_PREFIX', 'gnome-'), ('GNOME_TERMINAL_SCREEN', '/org/gnome/Terminal/screen/b99b93a8_8355_4927_a43b_f72817671520'), ('GNOME_SETUP_DISPLAY', ':1'), ('XDG_RUNTIME_DIR', '/run/user/1000'), ('GDK_BACKEND', 'x11'), ('DISPLAY', ':0'), ('VSCODE_DEBUGPY_ADAPTER_ENDPOINTS', '/home/aleksantari/.vscode/extensions/ms-python.debugpy-2025.6.0-linux-arm64/.noConfigDebugAdapterEndpoints/endpoint-6b7ff3644262e962.txt'), ('LANG', 'en_US.UTF-8'), ('XDG_CURRENT_DESKTOP', 'Unity'), ('XMODIFIERS', '@im=ibus'), ('XDG_SESSION_DESKTOP', 'ubuntu'), ('XAUTHORITY', '/run/user/1000/.mutter-Xwaylandauth.BNH542'), ('LS_COLORS', 'rs=0:di=01;34:ln=01;36:mh=00:pi=40;33:so=01;35:do=01;35:bd=40;33;01:cd=40;33;01:or=40;31;01:mi=00:su=37;41:sg=30;43:ca=30;41:tw=30;42:ow=34;42:st=37;44:ex=01;32:*.tar=01;31:*.tgz=01;31:*.arc=01;31:*.arj=01;31:*.taz=01;31:*.lha=01;31:*.lz4=01;31:*.lzh=01;31:*.lzma=01;31:*.tlz=01;31:*.txz=01;31:*.tzo=01;31:*.t7z=01;31:*.zip=01;31:*.z=01;31:*.dz=01;31:*.gz=01;31:*.lrz=01;31:*.lz=01;31:*.lzo=01;31:*.xz=01;31:*.zst=01;31:*.tzst=01;31:*.bz2=01;31:*.bz=01;31:*.tbz=01;31:*.tbz2=01;31:*.tz=01;31:*.deb=01;31:*.rpm=01;31:*.jar=01;31:*.war=01;31:*.ear=01;31:*.sar=01;31:*.rar=01;31:*.alz=01;31:*.ace=01;31:*.zoo=01;31:*.cpio=01;31:*.7z=01;31:*.rz=01;31:*.cab=01;31:*.wim=01;31:*.swm=01;31:*.dwm=01;31:*.esd=01;31:*.jpg=01;35:*.jpeg=01;35:*.mjpg=01;35:*.mjpeg=01;35:*.gif=01;35:*.bmp=01;35:*.pbm=01;35:*.pgm=01;35:*.ppm=01;35:*.tga=01;35:*.xbm=01;35:*.xpm=01;35:*.tif=01;35:*.tiff=01;35:*.png=01;35:*.svg=01;35:*.svgz=01;35:*.mng=01;35:*.pcx=01;35:*.mov=01;35:*.mpg=01;35:*.mpeg=01;35:*.m2v=01;35:*.mkv=01;35:*.webm=01;35:*.webp=01;35:*.ogm=01;35:*.mp4=01;35:*.m4v=01;35:*.mp4v=01;35:*.vob=01;35:*.qt=01;35:*.nuv=01;35:*.wmv=01;35:*.asf=01;35:*.rm=01;35:*.rmvb=01;35:*.flc=01;35:*.avi=01;35:*.fli=01;35:*.flv=01;35:*.gl=01;35:*.dl=01;35:*.xcf=01;35:*.xwd=01;35:*.yuv=01;35:*.cgm=01;35:*.emf=01;35:*.ogv=01;35:*.ogx=01;35:*.aac=00;36:*.au=00;36:*.flac=00;36:*.m4a=00;36:*.mid=00;36:*.midi=00;36:*.mka=00;36:*.mp3=00;36:*.mpc=00;36:*.ogg=00;36:*.ra=00;36:*.wav=00;36:*.oga=00;36:*.opus=00;36:*.spx=00;36:*.xspf=00;36:'), ('VSCODE_GIT_IPC_HANDLE', '/run/user/1000/vscode-git-ad06424500.sock'), ('GNOME_TERMINAL_SERVICE', ':1.113'), ('TERM_PROGRAM', 'vscode'), ('SSH_AGENT_LAUNCHER', 'gnome-keyring'), ('SSH_AUTH_SOCK', '/run/user/1000/keyring/ssh'), ('AMENT_PREFIX_PATH', '/home/aleksantari/ros2_snake_ws/install/yolo_ros:/home/aleksantari/ros2_snake_ws/install/yolo_bringup:/home/aleksantari/ros2_snake_ws/install/yolo_msgs:/home/aleksantari/ros2_snake_ws/install/snake_segmentation:/opt/ros/humble'), ('ORIGINAL_XDG_CURRENT_DESKTOP', 'ubuntu:GNOME'), ('SHELL', '/bin/bash'), ('QT_ACCESSIBILITY', '1'), ('GDMSESSION', 'ubuntu'), ('LESSCLOSE', '/usr/bin/lesspipe %s %s'), ('VSCODE_GIT_ASKPASS_EXTRA_ARGS', ''), ('QT_IM_MODULE', 'ibus'), ('PWD', '/home/aleksantari/ros2_snake_ws/build/yolo_bringup'), ('XDG_CONFIG_DIRS', '/etc/xdg/xdg-ubuntu:/etc/xdg'), ('XDG_DATA_DIRS', '/usr/share/ubuntu:/usr/local/share/:/usr/share/:/var/lib/snapd/desktop'), ('PYTHONPATH', '/home/aleksantari/ros2_snake_ws/build/yolo_ros:/home/aleksantari/ros2_snake_ws/install/yolo_ros/lib/python3.10/site-packages:/home/aleksantari/ros2_snake_ws/install/yolo_msgs/local/lib/python3.10/dist-packages:/home/aleksantari/ros2_snake_ws/build/snake_segmentation:/home/aleksantari/ros2_snake_ws/install/snake_segmentation/lib/python3.10/site-packages:/opt/ros/humble/lib/python3.10/site-packages:/opt/ros/humble/local/lib/python3.10/dist-packages'), ('COLCON', '1'), ('VTE_VERSION', '6800'), ('CMAKE_PREFIX_PATH', '/home/aleksantari/ros2_snake_ws/install/yolo_msgs:/home/aleksantari/ros2_snake_ws/install/yolo_bringup:/home/aleksantari/ros2_snake_ws/install/yolo_ros:/home/aleksantari/ros2_snake_ws/install/snake_segmentation:/opt/ros/humble')]), 'shell': False}
[1.975885] (yolo_bringup) CommandEnded: {'returncode': 0}
[1.979342] (yolo_bringup) JobProgress: {'identifier': 'yolo_bringup', 'progress': 'install'}
[1.979397] (yolo_bringup) Command: {'cmd': ['/usr/bin/cmake', '--install', '/home/aleksantari/ros2_snake_ws/build/yolo_bringup'], 'cwd': '/home/aleksantari/ros2_snake_ws/build/yolo_bringup', 'env': OrderedDict([('LESSOPEN', '| /usr/bin/lesspipe %s'), ('USER', 'aleksantari'), ('XDG_SESSION_TYPE', 'wayland'), ('GIT_ASKPASS', '/usr/share/code/resources/app/extensions/git/dist/askpass.sh'), ('SHLVL', '2'), ('LD_LIBRARY_PATH', '/home/aleksantari/ros2_snake_ws/install/yolo_msgs/lib:/opt/ros/humble/opt/rviz_ogre_vendor/lib:/opt/ros/humble/lib/aarch64-linux-gnu:/opt/ros/humble/lib'), ('HOME', '/home/aleksantari'), ('CHROME_DESKTOP', 'code.desktop'), ('OLDPWD', '/home/aleksantari/ros2_snake_ws/src'), ('TERM_PROGRAM_VERSION', '1.99.2'), ('DESKTOP_SESSION', 'ubuntu'), ('ROS_PYTHON_VERSION', '3'), ('GNOME_SHELL_SESSION_MODE', 'ubuntu'), ('GTK_MODULES', 'gail:atk-bridge'), ('VSCODE_GIT_ASKPASS_MAIN', '/usr/share/code/resources/app/extensions/git/dist/askpass-main.js'), ('VSCODE_GIT_ASKPASS_NODE', '/usr/share/code/code'), ('PYDEVD_DISABLE_FILE_VALIDATION', '1'), ('SYSTEMD_EXEC_PID', '1656'), ('BUNDLED_DEBUGPY_PATH', '/home/aleksantari/.vscode/extensions/ms-python.debugpy-2025.6.0-linux-arm64/bundled/libs/debugpy'), ('DBUS_SESSION_BUS_ADDRESS', 'unix:path=/run/user/1000/bus'), ('COLORTERM', 'truecolor'), ('IM_CONFIG_PHASE', '1'), ('WAYLAND_DISPLAY', 'wayland-0'), ('COLCON_PREFIX_PATH', '/home/aleksantari/ros2_snake_ws/install'), ('ROS_DISTRO', 'humble'), ('LOGNAME', 'aleksantari'), ('_', '/usr/bin/colcon'), ('ROS_VERSION', '2'), ('XDG_SESSION_CLASS', 'user'), ('USERNAME', 'aleksantari'), ('TERM', 'xterm-256color'), ('GNOME_DESKTOP_SESSION_ID', 'this-is-deprecated'), ('ROS_LOCALHOST_ONLY', '0'), ('PATH', '/home/aleksantari/.local/bin:/opt/ros/humble/bin:/home/aleksantari/.local/bin:/home/aleksantari/.local/bin:/usr/local/sbin:/usr/local/bin:/usr/sbin:/usr/bin:/sbin:/bin:/usr/games:/usr/local/games:/snap/bin:/snap/bin:/home/aleksantari/.vscode/extensions/ms-python.debugpy-2025.6.0-linux-arm64/bundled/scripts/noConfigScripts'), ('SESSION_MANAGER', 'local/linux:@/tmp/.ICE-unix/1633,unix/linux:/tmp/.ICE-unix/1633'), ('XDG_MENU_PREFIX', 'gnome-'), ('GNOME_TERMINAL_SCREEN', '/org/gnome/Terminal/screen/b99b93a8_8355_4927_a43b_f72817671520'), ('GNOME_SETUP_DISPLAY', ':1'), ('XDG_RUNTIME_DIR', '/run/user/1000'), ('GDK_BACKEND', 'x11'), ('DISPLAY', ':0'), ('VSCODE_DEBUGPY_ADAPTER_ENDPOINTS', '/home/aleksantari/.vscode/extensions/ms-python.debugpy-2025.6.0-linux-arm64/.noConfigDebugAdapterEndpoints/endpoint-6b7ff3644262e962.txt'), ('LANG', 'en_US.UTF-8'), ('XDG_CURRENT_DESKTOP', 'Unity'), ('XMODIFIERS', '@im=ibus'), ('XDG_SESSION_DESKTOP', 'ubuntu'), ('XAUTHORITY', '/run/user/1000/.mutter-Xwaylandauth.BNH542'), ('LS_COLORS', 'rs=0:di=01;34:ln=01;36:mh=00:pi=40;33:so=01;35:do=01;35:bd=40;33;01:cd=40;33;01:or=40;31;01:mi=00:su=37;41:sg=30;43:ca=30;41:tw=30;42:ow=34;42:st=37;44:ex=01;32:*.tar=01;31:*.tgz=01;31:*.arc=01;31:*.arj=01;31:*.taz=01;31:*.lha=01;31:*.lz4=01;31:*.lzh=01;31:*.lzma=01;31:*.tlz=01;31:*.txz=01;31:*.tzo=01;31:*.t7z=01;31:*.zip=01;31:*.z=01;31:*.dz=01;31:*.gz=01;31:*.lrz=01;31:*.lz=01;31:*.lzo=01;31:*.xz=01;31:*.zst=01;31:*.tzst=01;31:*.bz2=01;31:*.bz=01;31:*.tbz=01;31:*.tbz2=01;31:*.tz=01;31:*.deb=01;31:*.rpm=01;31:*.jar=01;31:*.war=01;31:*.ear=01;31:*.sar=01;31:*.rar=01;31:*.alz=01;31:*.ace=01;31:*.zoo=01;31:*.cpio=01;31:*.7z=01;31:*.rz=01;31:*.cab=01;31:*.wim=01;31:*.swm=01;31:*.dwm=01;31:*.esd=01;31:*.jpg=01;35:*.jpeg=01;35:*.mjpg=01;35:*.mjpeg=01;35:*.gif=01;35:*.bmp=01;35:*.pbm=01;35:*.pgm=01;35:*.ppm=01;35:*.tga=01;35:*.xbm=01;35:*.xpm=01;35:*.tif=01;35:*.tiff=01;35:*.png=01;35:*.svg=01;35:*.svgz=01;35:*.mng=01;35:*.pcx=01;35:*.mov=01;35:*.mpg=01;35:*.mpeg=01;35:*.m2v=01;35:*.mkv=01;35:*.webm=01;35:*.webp=01;35:*.ogm=01;35:*.mp4=01;35:*.m4v=01;35:*.mp4v=01;35:*.vob=01;35:*.qt=01;35:*.nuv=01;35:*.wmv=01;35:*.asf=01;35:*.rm=01;35:*.rmvb=01;35:*.flc=01;35:*.avi=01;35:*.fli=01;35:*.flv=01;35:*.gl=01;35:*.dl=01;35:*.xcf=01;35:*.xwd=01;35:*.yuv=01;35:*.cgm=01;35:*.emf=01;35:*.ogv=01;35:*.ogx=01;35:*.aac=00;36:*.au=00;36:*.flac=00;36:*.m4a=00;36:*.mid=00;36:*.midi=00;36:*.mka=00;36:*.mp3=00;36:*.mpc=00;36:*.ogg=00;36:*.ra=00;36:*.wav=00;36:*.oga=00;36:*.opus=00;36:*.spx=00;36:*.xspf=00;36:'), ('VSCODE_GIT_IPC_HANDLE', '/run/user/1000/vscode-git-ad06424500.sock'), ('GNOME_TERMINAL_SERVICE', ':1.113'), ('TERM_PROGRAM', 'vscode'), ('SSH_AGENT_LAUNCHER', 'gnome-keyring'), ('SSH_AUTH_SOCK', '/run/user/1000/keyring/ssh'), ('AMENT_PREFIX_PATH', '/home/aleksantari/ros2_snake_ws/install/yolo_ros:/home/aleksantari/ros2_snake_ws/install/yolo_bringup:/home/aleksantari/ros2_snake_ws/install/yolo_msgs:/home/aleksantari/ros2_snake_ws/install/snake_segmentation:/opt/ros/humble'), ('ORIGINAL_XDG_CURRENT_DESKTOP', 'ubuntu:GNOME'), ('SHELL', '/bin/bash'), ('QT_ACCESSIBILITY', '1'), ('GDMSESSION', 'ubuntu'), ('LESSCLOSE', '/usr/bin/lesspipe %s %s'), ('VSCODE_GIT_ASKPASS_EXTRA_ARGS', ''), ('QT_IM_MODULE', 'ibus'), ('PWD', '/home/aleksantari/ros2_snake_ws/build/yolo_bringup'), ('XDG_CONFIG_DIRS', '/etc/xdg/xdg-ubuntu:/etc/xdg'), ('XDG_DATA_DIRS', '/usr/share/ubuntu:/usr/local/share/:/usr/share/:/var/lib/snapd/desktop'), ('PYTHONPATH', '/home/aleksantari/ros2_snake_ws/build/yolo_ros:/home/aleksantari/ros2_snake_ws/install/yolo_ros/lib/python3.10/site-packages:/home/aleksantari/ros2_snake_ws/install/yolo_msgs/local/lib/python3.10/dist-packages:/home/aleksantari/ros2_snake_ws/build/snake_segmentation:/home/aleksantari/ros2_snake_ws/install/snake_segmentation/lib/python3.10/site-packages:/opt/ros/humble/lib/python3.10/site-packages:/opt/ros/humble/local/lib/python3.10/dist-packages'), ('COLCON', '1'), ('VTE_VERSION', '6800'), ('CMAKE_PREFIX_PATH', '/home/aleksantari/ros2_snake_ws/install/yolo_msgs:/home/aleksantari/ros2_snake_ws/install/yolo_bringup:/home/aleksantari/ros2_snake_ws/install/yolo_ros:/home/aleksantari/ros2_snake_ws/install/snake_segmentation:/opt/ros/humble')]), 'shell': False}
[1.983785] (yolo_bringup) StdoutLine: {'line': b'-- Install configuration: ""\n'}
[1.984333] (yolo_bringup) StdoutLine: {'line': b'-- Execute custom install script\n'}
[1.984654] (yolo_bringup) StdoutLine: {'line': b'-- Up-to-date symlink: /home/aleksantari/ros2_snake_ws/install/yolo_bringup/share/yolo_bringup//launch/yolo-world.launch.py\n'}
[1.984868] (yolo_bringup) StdoutLine: {'line': b'-- Up-to-date symlink: /home/aleksantari/ros2_snake_ws/install/yolo_bringup/share/yolo_bringup//launch/yolo.launch.py\n'}
[1.984975] (yolo_bringup) StdoutLine: {'line': b'-- Up-to-date symlink: /home/aleksantari/ros2_snake_ws/install/yolo_bringup/share/yolo_bringup//launch/yolov10.launch.py\n'}
[1.985087] (yolo_bringup) StdoutLine: {'line': b'-- Up-to-date symlink: /home/aleksantari/ros2_snake_ws/install/yolo_bringup/share/yolo_bringup//launch/yolov11.launch.py\n'}
[1.985238] (yolo_bringup) StdoutLine: {'line': b'-- Up-to-date symlink: /home/aleksantari/ros2_snake_ws/install/yolo_bringup/share/yolo_bringup//launch/yolov12.launch.py\n'}
[1.985405] (yolo_bringup) StdoutLine: {'line': b'-- Up-to-date symlink: /home/aleksantari/ros2_snake_ws/install/yolo_bringup/share/yolo_bringup//launch/yolov5.launch.py\n'}
[1.985487] (yolo_bringup) StdoutLine: {'line': b'-- Up-to-date symlink: /home/aleksantari/ros2_snake_ws/install/yolo_bringup/share/yolo_bringup//launch/yolov8.launch.py\n'}
[1.985580] (yolo_bringup) StdoutLine: {'line': b'-- Up-to-date symlink: /home/aleksantari/ros2_snake_ws/install/yolo_bringup/share/yolo_bringup//launch/yolov9.launch.py\n'}
[1.985689] (yolo_bringup) StdoutLine: {'line': b'-- Up-to-date symlink: /home/aleksantari/ros2_snake_ws/install/yolo_bringup/share/ament_index/resource_index/package_run_dependencies/yolo_bringup\n'}
[1.985865] (yolo_bringup) StdoutLine: {'line': b'-- Up-to-date symlink: /home/aleksantari/ros2_snake_ws/install/yolo_bringup/share/ament_index/resource_index/parent_prefix_path/yolo_bringup\n'}
[1.985988] (yolo_bringup) StdoutLine: {'line': b'-- Up-to-date symlink: /home/aleksantari/ros2_snake_ws/install/yolo_bringup/share/yolo_bringup/environment/ament_prefix_path.sh\n'}
[1.986132] (yolo_bringup) StdoutLine: {'line': b'-- Up-to-date symlink: /home/aleksantari/ros2_snake_ws/install/yolo_bringup/share/yolo_bringup/environment/ament_prefix_path.dsv\n'}
[1.986312] (yolo_bringup) StdoutLine: {'line': b'-- Up-to-date symlink: /home/aleksantari/ros2_snake_ws/install/yolo_bringup/share/yolo_bringup/environment/path.sh\n'}
[1.986425] (yolo_bringup) StdoutLine: {'line': b'-- Up-to-date symlink: /home/aleksantari/ros2_snake_ws/install/yolo_bringup/share/yolo_bringup/environment/path.dsv\n'}
[1.986562] (yolo_bringup) StdoutLine: {'line': b'-- Up-to-date symlink: /home/aleksantari/ros2_snake_ws/install/yolo_bringup/share/yolo_bringup/local_setup.bash\n'}
[1.986702] (yolo_bringup) StdoutLine: {'line': b'-- Up-to-date symlink: /home/aleksantari/ros2_snake_ws/install/yolo_bringup/share/yolo_bringup/local_setup.sh\n'}
[1.986824] (yolo_bringup) StdoutLine: {'line': b'-- Up-to-date symlink: /home/aleksantari/ros2_snake_ws/install/yolo_bringup/share/yolo_bringup/local_setup.zsh\n'}
[1.986963] (yolo_bringup) StdoutLine: {'line': b'-- Up-to-date symlink: /home/aleksantari/ros2_snake_ws/install/yolo_bringup/share/yolo_bringup/local_setup.dsv\n'}
[1.987018] (yolo_bringup) StdoutLine: {'line': b'-- Symlinking: /home/aleksantari/ros2_snake_ws/install/yolo_bringup/share/yolo_bringup/package.dsv\n'}
[1.996503] (yolo_bringup) StdoutLine: {'line': b'-- Up-to-date symlink: /home/aleksantari/ros2_snake_ws/install/yolo_bringup/share/ament_index/resource_index/packages/yolo_bringup\n'}
[1.996642] (yolo_bringup) StdoutLine: {'line': b'-- Up-to-date symlink: /home/aleksantari/ros2_snake_ws/install/yolo_bringup/share/yolo_bringup/cmake/yolo_bringupConfig.cmake\n'}
[1.996688] (yolo_bringup) StdoutLine: {'line': b'-- Up-to-date symlink: /home/aleksantari/ros2_snake_ws/install/yolo_bringup/share/yolo_bringup/cmake/yolo_bringupConfig-version.cmake\n'}
[1.996822] (yolo_bringup) StdoutLine: {'line': b'-- Up-to-date symlink: /home/aleksantari/ros2_snake_ws/install/yolo_bringup/share/yolo_bringup/package.xml\n'}
[1.998285] (yolo_bringup) CommandEnded: {'returncode': 0}
[2.003990] (yolo_bringup) JobEnded: {'identifier': 'yolo_bringup', 'rc': 0}
[2.004597] (-) TimerEvent: {}
[2.008477] (-) EventReactorShutdown: {}
